dialect,standard
今日はしんけん寒いなあ,今日は本当に寒いなあ
今日は寒いけん、外に出られんわ,今日は寒いから、外に出られないわ
明日は雨が降るっち思うわ,明日は雨が降ると思うわ
もうご飯食べよんの？,もうご飯食べてるの？
どこ行きよんの？,どこに行っているの？
なんしちょん？,何しているの？
元気しちょった？,元気にしていた？
ほら行くで！,ほら、行くよ！
あんたも来よな,あなたも来てね
じゃあまたなあ,じゃあ、またね
はよ寝らんといけんよ,早く寝ないといけないよ
これ安くならん？,これ安くならない？
その魚、どんくらいしよん？,その魚、いくらしているの？
あの店、もう閉まっちょんかえ？,あの店、もう閉まっているの？
そこ曲がったら早いで,そこを曲がったら早いよ
バス来ちょんで,バスが来ているよ
まだ駅に着かんの？,まだ駅に着かないの？
一緒行こうや,一緒に行こうよ
ほんと美味しかったわあ,本当に美味しかったわ
そんなん知らんわ,そんなの知らないわ
びっくりしたわ,驚いたわ
眠くてたまらんわ,眠くてたまらないわ
そげえ当てにしてると、あだむねをつくぞ,そんなに当てにしてると、がっかりするよ
あーん、財布忘れたけん、なんぼか貸しちくれん？,えーっと、財布を忘れたから、いくらか貸してくれない？
そげなあいい考えは捨つることじゃ,そんな青い考えは捨てることだ
新入社員はうちの長男とあいおいじゃ,新入社員はうちの長男と同じくらいの年齢だ
あんたは若いのに、立派にあいすろうなあ,あなたは若いのに、立派に上手に人の相手をするなあ
あいたよ、頼まれた買い物を忘れちょった,しまった、頼まれた買い物を忘れていた
あいな甘いみかんをどこでこうちきたんかえ？,あんな甘いみかんをどこで買ってきたのかい？
あええバナナも、置いちょくときいのうなる,青いバナナも、置いておけば黄色くなる
酔って帰ったら母ちゃんからこづかれて、あおじんがでっけた,酔って帰ったら母ちゃんからこづかれて、青あざができた
あおしいちょらんで、勉強せんか,ぼうっとしてないで、勉強しないか
スケート場で滑って、あおのきに倒れた,スケート場で滑って、仰向けに倒れた
あおのきおよぎのスタートは後ろ向きで,背泳ぎのスタートは後ろ向きで
田んぼの稲があおると、夏の到来を感じる,田んぼの稲が深緑になると夏の到来を感じる
まああがらんせ、お茶でん飲みなながら話そうえ,まあ上がってください、お茶でも飲みながら話そうよ
あがりばなでけつまづいち、ちゃぶ台で頭を打った,上がり端で蹴躓いて、ちゃぶ台で頭を打った
おれじゃあ、玄関をあきい,おれだ、玄関を開けろ
いやごめん、あけちくりい,いやごめん、開けてくれ
友達におはぎをあぎい,友達におはぎをあげろ
候補地をあぎい,候補地をあげて
チンパンジーはニホンザルより、あぎがなげえ,チンパンジーはニホンザルより、あごがなげえ
あぎりあぎり食べちょらんで、はよう宿題せんか,だらだら食べてないで、はやく宿題しないか
盆休みに孫が3人も来て、あくさうった,盆休みに孫が3人も来て、扱いに苦労した
年があくると旅行に行くけん、家をあくる予定じゃ,年があけると旅行に行くから、家をあける予定だ
たこをあぐるちゅうけん、天ぷらにするかと思えばたこあげかえ？,たこをあげると言うから、天ぷらにするのかと思えば、たこあげなのかい？
あんしは、いっつもあげえあるんで,あの人はいつもあんな感じなんだ
大雨で列車が運休、あげくのさんぱち駅で寝た,大雨で列車が運休、挙句の果てに駅で寝た
あげな大きいタイは、初めて釣ったで,あんな大きなタイは、初めて釣ったよ
あけなんこな話、正月の当直はよだきい,ぶっちゃけた話、正月の当直は面倒くさい
母ちゃんは、外から帰ると家をあけはたくる,母ちゃんは、外から帰ると家を開け放つ
あんしはあごしじゃから、秘密は守れんで,あの人はおしゃべりなひとだから、秘密は守れないよ
あんやた、あごたんのじょうでなんもすらせん,あんた、口先ばかりで何もしない
昨日の仕事は長時間で、あごでえた,昨日の仕事は長時間で、きつかった
あんしはあごんじょうで、なあんもせん,あの人は口先ばかりで、何もしない
あさっぱちから、町内一斉清掃にでちきた,朝早くから、町内一斉清掃に出てきた
あさまんくちの散歩が、わしん健康法じゃ,朝間の口の散歩が、わしの健康法だ
新型のスマホを買おうと、あさんつうから並ぶ,新型のスマホを買おうと、朝早くから並ぶ
こんかかしは手間をかけち作っちょる、あじろしい,このかかしは手間をかけて作っている、うまくできている
砂浜をはだしで歩くと、あしんはらが心地いい,砂浜をはだしで歩くと、足の裏が心地いい
今晩釣りにいっち、ほいち、連れたらあすなさ魚をもっちいくわ,今晩釣りに行って、もし、釣れたら明日の朝魚を持っていくわ
店に寄ったが品切れで、あだあしじゃった,店に寄ったが品切れで、無駄足だった
兄ちゃんは、あたで県外に転勤になった,兄ちゃんは、急に県外に転勤になった
今朝から頭がうつ,今朝から頭が痛い
あたりくりまわすのは、やめよ,さわりまくるのは、やめよ
机の上にある書類には、あたるな,机の上にある書類には、触るな
あちゃー、学校さぼって遊びにいきよら向こうから先生がきよん,あらー、学校さぼって遊びにいってたら向こうから先生が来てる
あっきい歩きよるんは母ちゃんじゃねえか、どきい行きよるんじゃろ,あそこに歩いているのは母ちゃんじゃないか、どこに行ってるんだろう
行くところもねえに新車をこうち、あったれえ,行くところもないのに新車を買って、もったいない
あっちあられん、息子が先に起きた,到底あり得ない、息子が先に起きた
じいちゃんが、あっちんほうから帰っちきよる,じいちゃんが、あちらの方から帰ってきている
宿題は、あっとここしかしちょらん,宿題は、ところどころしかしていない
あっぱい服着て、今日は何事な,きれいな服着て、今日は何事だ
いじめらるるけん、もうあん子とはあっぱん,いじめられるから、もうあの子とは遊ばない
あてえなっち、初めて気づくこともあるんで,後になって、初めて気づくこともあるんだ
ライターか、あてこすりを貸しちょくれ,ライターかマッチを貸しておくれ
取れそうなメダルの数を、あてんぽかで言う,取れそうなメダルの数を、あてずっぽうに言う
あどが入らんなら、靴ベラを使いよ,かかとが入らないなら、靴ベラを使いなさい
夏休みのお化け屋敷は、あときびがわりい,夏休みのお化け屋敷は、後で思い出して気味が悪い
偉大な父親のあどのけもむしれん,偉大な父親に到底及ばない
雨上がりのジョギングは、あどばねに気を使うなえ,雨上がりのジョギングは、泥はねに気を付けないとね
プロ野球選手には、あねがかが多いこたる,プロ野球選手には、姉さん女房が多いようだ
わしのあねじょが嫁に行った先か、田中さんとこなんじゃわ,わしの姉さんが嫁に行った先が、田中さんのところなんだわ
お彼岸はおはぎ、正月はあぼじゃ,お彼岸はおはぎ、正月はもちだ
孫は井戸が強くなって、近頃はあまされん,孫は囲碁が強くなって、近頃はあなどれない
こんさあみいに、台所にあまめが出たで,こんなに寒いのに、台所にごきぶりが出たよ
どうやら今年はあまる日が多かったごたる,どうやら今年は落雷の日が多かったようにある
じいちゃんは、孫にあめえ,じいちゃんは孫に甘い
あめえ菓子でんすぐ食べさする,甘い菓子だとすぐ食べさせようとする
あめがたを口に入れてサイクリングに行こう,あめを口に入れてサイクリングに移行
近ごろの子の針仕事はあやくろしい,近ごろの子供の針仕事は不器用だ
自然にあやるんじゃ,自然に落下するんだ
運動会の騎馬戦は、だいたいあらきいやつが強い,運動会の騎馬戦は、だいたい手洗いやつが強い
テストで頑張って、母ちゃんのあらぎもとる,テストで頑張って、母ちゃんの度肝を抜く
ノックもせんじ戸をあくるとか、あらるっか,ノックもしないで戸を開けるとか、あり得るか
金は、ありいれちょる,金は、あれに入れている
残ったみかんをありしおくれ,残ったみかんをありったけおくれ
秋祭りの準備は、ありどんがやるんじゃ,秋祭りの準備は、あの人たちがやるんだ
ありょみよ、鉄棒にぶら下がったまま泣きよん,あれを見ろ、鉄棒にぶら下がったまま泣いてる
今度こそ本気でやると思うちょったが、あれと,今度こそ本気でやると思ってたが、あんなのだって
選挙後も、相変わらず、政治はあんがすえるなあ,選挙後も、相変わらず、政治はもたつくなあ
年度末になると、あんげこんげするしがふゆる,年度末になると、あっちこっちする人が増える
あんた、こんしと一緒に、あんしの所に行ってくれめえか,あんた、この人と一緒に、あの人のところに行ってくれないか
町内の班長は、来年、あんたげで,町内の班長は、来年、あなたの家だよ
あんたどう、どこの学校な、はよ帰らんな,あなたたち、どこの学校、はやく帰りなさいな
台風を前に塀を補強せんと、あんぴょうねえ,台風を前に塀を補強しないと、不安だ
人の嫌がる仕事は、いあたりわしんとこに回っちくる,人の嫌がる仕事は、やっぱりわしのところに回ってくる
今日は、いいあんべえに晴天じゃ,今日は良い塩梅に晴天だ
選挙に出よなんち言われたが、いいえなこと,選挙に出ろなんて言われたが、とんでもない
いいくじは、おいさんのいつもの癖じゃ,苦情を言うのはおじさんのいつもの癖だ
いいくれーなことやりよったら、試験におつるぞ,いい加減なことをやってたら、試験に落ちるぞ
わしが若者風の車にのったっち、いいこと,わしが若者風の車に乗ったって、いいではないですか
もう、いいころ飲んだけん帰ろうえ,もう、たくさん飲んだから帰ろうよ
稲を束ねるには、いいぜがいる,稲を束ねるには、藁をひも状にしたものがいる
いいちこ,いいですとも
いいちゃ、ここはわしが払うけん、いいっちゃ,いいってば、ここはわしが払うから、いいってば
うちのチームはいいつばかりじゃ,うちのチームは、いいものばかりだ
思ったことをいいない,思ったことを言いなさい
ずるいから人望もない、いいばちじゃ,ずるいから人望もない、いい気味だ
このシャツ、いいやん,このシャツ、いいじゃないの
からだがきちいち、いうてんが、いい仕事はなかなかないで,体がきついて、そうはいっても、いい仕事はなかなかないよ
パーティのおつまもに枝豆をいがく,パーティのおつまみに枝豆をゆがく
あんしのいびきは、いかなこてえ我慢の限界で,あの人のいびきはさすがに我慢の限界で
額縁がいがんじょらんかえ？,額縁がゆがんでいないかい？
わしの目がいがんじょんのじゃろうか,わしの目がゆがんでるのだろうか
いかれん,いけない
遊びにやらいかんじ、仕事せんかえ,遊んでいたらだめだ、仕事しないか
隣の猫が、いかんしたからでちきた,隣の猫が、床の下から出てきた
今日は霧がでちょるで、高速ではいかんすな,今日は霧がでてるから、高速ではいかないでください
美容院にいきださんうちに正月がきそうや,美容院にいけないうちに正月が来そうだ
今朝は、いきたむながりよったが、調べたら熱があった,今朝は、いきたくなさそうだったが、調べたら熱があった
あんしの会社はとうとう、いきちいたらしい,あの人の会社はとうとう、進退窮まったらしい
赤ちゃんがいきづむときは、おむつを確かめよ,赤ちゃんがふんばっているときは、おむつを確かめよ
学校にはいきとうねえ,学校にはいきたくない
最初のいきよいはどこへやら,最初の勢いはどこへやら
あそこにいきよるおういさんは、市役所にいきよる人じゃ,あそこを通るおじさんは、市役所に行っている人だ
ぎんなんは、何日かいくると臭い皮がとれちいいんじゃ,ぎんなんは、何日か土に埋めると臭い皮がとれていいんだ
イノシシがきち、畑のサツマイモをいぐる,イノシシが来て、畑のサツマイモを掘り出す
ペットを捨つるなんち、いげちねえことをするなあえ,ペットを捨てるなんて、かわいそうなことをするなよ
遠足にはいけめえ,遠足には行けまい
わたしは、海水浴だけでハワイまでいけれん,わたしは、海水浴だけでハワイまで行かれない
今度の会議にはいけんちゃ、そらいけんで,今度の会議に行けないのは、それはいけないよ
あんまりいごくもんじゃけん、写真がぶれた,あんまり動くものだから、写真がぶれた
技はねえけど、いころがある,技はないけど、根性はある
いさぎい返事じゃ,潔い返事だ
心をいさぶる楽曲じゃなえ,心を揺さぶる楽曲だねえ
こん子は生まれた時から、いじがいい,この子は生まれた時から、機嫌が良い
米の味は、いぜの水がいいかどうかにもよる,米の味は、水路の水が良いかどうかにもよる
いちごんもねえ,感謝で言葉も出ない
下手に出ると、いちべえ調子に乗るやつじゃ,下手に出ると、一層調子にのるやつだ
悪さする猫に水をいっかくると、飛び上がっち逃ぐる,悪さする猫に水をひっかけると、飛び上がって逃げる
本屋のいっかけにばあちゃんとこに寄る,本屋の行きがけにばあちゃんのところに酔う
雨水がバケツにいっぱいになったら、いっかやせ,雨水がバケツにいっぱいになったら、覆せ
この砂を全部、穴にいっこむんじゃ,この砂を全部、穴に放り込むんだ
そん柿をいっこんわしにくれんか,その柿を一個わしにくれないか
母ちゃんが元気がねえと思ったら、財布をいっしぇたんと,母ちゃんが元気がないと思ったら、財布を無くしたって
サッカー場からの帰りは、車がいっすんずりじゃった,サッカー場からの帰りは、車が渋滞だった
いっすんひとはずみで、交通事故を免れた,すんでのところで、交通事故を免れた
図書館に、本を借りにいっちきた,図書館に、本を借りにいってきた
わしゃあ、いっちぇん、しらしんけんじゃ,わしは、いつでも、一生懸命だ
あんしの話は、いっちょん前に進まん,あの人の話は、ちっとも前に進まない
あんしのすることは、いつでんこうじゃ,あのひとのすることは、いつでもこうだ
あんしは、いっぷくりゅうじゃけど、いい仕事をしちくるん,あの人は、頑固者だけど、いい仕事をしてくれる
里にイノシシが、いっぺこっぺ出てきち悪さする,里にイノシシが、いっぱい出てきて悪さをする
見合いしたんじゃが、いっぺんぎりじゃ,見合いをしたんだけど、一度限りだ
温泉の噴気で、卵とタコを一緒にいでる,温泉の噴気で、卵とタコを一緒にゆでる
いどこねでは熟睡でけんし、疲れもとれん,仮眠では熟睡できないし、疲れも取れない
正月じゃけん、いに、新しい首輪をこうてやった,正月だから、犬に、新しい首輪を買ってやった
いぬるついでに、はがきを出しちょっちくりい,帰るついでに、はがきを出しててほしい
みんな、いのちきをしよるんで,みんな、生計を立ててるんだ
いのちぎさねえのは、見苦しいで,潔くないのは、見苦しいよ
足の付け根に、いのねができた,足の付け根に、しこりができた
幼児は眠くなると、いばかりを言い始める,幼児は眠くなると、わがままを言い始める
婚約のいびかねが目にまぶしいでなあ,婚約の指輪が目にまぶしいよなあ
冷蔵庫の中がいびしいことになっちょる,冷蔵庫の中が気味が悪いことになっている
あんしは、金にいびしい,あの人は金に汚い
今日は、いぶからこっち側の草を刈っちょくれ,今日は、水路からこっち側の草を刈ってほしい
新しい道は、いぶしこぶしがなくて快適だ,新しい道は、でこぼこがなくて快適だ
花の球根がいみる,花の球根が増える
暖かいと、雑菌がいみる,暖かいと雑婚が繁殖する
じいちゃんの話には、いやこつが多い,じいちゃんの話には、嫌味が多い
いやりとキリギリスの絵本をよんじょくれ,アリとキリギリスの絵本を読んでくれ
大きい魚のいらを落とすのはきちい,大きい魚のうろこを落とすのはきつい
カニに指を挟まれて、いらひじい痛さじゃった,カニに指を挟まれて、ひどい痛さだった
金持ちじゃあちゅうち、いらぶかされて結婚した,金持ちだと言って、騙されて結婚した
父ちゃんがいらんこつ言うたから、息子がでちいった,父ちゃんが要らんことを言うから、息子が出て行った
化粧がこいち、いらんしょわや,化粧が濃いなんて、要らん世話だ
いるうちくせ,要らぬお世話だ
ややこしい問題じゃから、いるわんかつじゃ,ややこしい問題だから、取り合わないことだ
母ちゃん相手に小遣いをいれくるこたでけんで,母ちゃん相手に小遣いをごまかすなんてできないよ
こう雨が降らんと、なんもんかんもいろくなあ,こう雨が降らないと、なにもかも乾燥するなあ
ばあちゃんは、慣れ手つきで稲をいわゆる,ばあちゃんは、慣れた手つきで稲を結わえる
隣のいんは、愛嬌がある,隣の犬は、愛嬌がある
いんげ、プロポーズしたんは父ちゃんからで,いいや、プロポーズしたのは父ちゃんからだ
いこう焼く,イカを焼く
かきゅうむく,柿をむく
今晩は、星がううけんこつ見ゆる,今晩は星がたくさん見える
ううけんこつ言うなや,大きなことを言うなよ
おおけんこつ言うなや,大きなことを言うなよ
長男の入園式の日に妻が産気づいて、ううごつじゃった,長男の入園式の日に妻がさんけづいて、大事だった
パトカーが盗難車両をううちく,パトカーが盗難車両を追っていく
国会に参考人で呼ばれても、うすういう,国会で参考人で呼ばれても、うそを言う
あんやた本当は、うたちいやつなんで,あいつは本当は、ずるいやつなんだ
わしも若いころは髪がうちかぶるごとあったんで,わしも若いころは髪が顔にかかるくらいあったんだ
町内運動会に、うちとこは全員出た,町内運動会に、うちの家は全員出た
かかが風邪でねこんじ、わしがうちぶをしよる,妻が風邪で寝込んで、わしが家事をしている
要らんもんは、うっすると部屋が片付く,要らないものはうち捨てると部屋が片付く
うったちは同じ中学出身じ、団結は強いんで,私たちは同じ中学出身だから、団結は強いんだよ
わしゃあ昔から、うったて大工と言われちょる,わしは昔から、補強する大工と言われている
うっつめは、今では禁止されちょるらしい,野鳥の罠は、今では禁止されているらしい
うっとうの修学旅行は、長崎方面じゃ,わたしたちの修学旅行は、長崎方面だ
上着をうっぷるうて、ほこりを落とす,上着を打ちふるって、ほこりを落とす
台風で倒れた大杉は、幹がうとんぼじゃった,台風で倒れた大杉は、幹が空洞だった
外交交渉で、うばちまっこむとつけこまるるで,外交交渉で、降参をすると付け込まれるよ
風呂が熱いけん、水でうぶるといい,風呂が熱いから、水で薄めるといい
この話は、むしちょこう,この話は、温めておこう
温泉にはいっち、うめえもん食うのが最高じゃ,温泉に入って、うまいものを食うのが最高だ
こん料理は、うまねえ,この料理は、美味しくない
いたんじょらせんかい,傷んでたりしないかい
竹竿のうらさきにトンボがとまっちょる,竹竿の先端にトンボが止まっている
私が訪れると、うらまいは豊漁に沸いていた,私が訪れると、海岸沿いの集落は豊漁に沸いていた
久しぶりのうるいじゃ、庭の木が喜びよる,久しぶりの雨だ、庭の木が喜んでいる
サボっちょるわけやないんで、うろよこいなんで,サボってるわけじゃないんだ、雨のための休みなんだ
校内清掃の日は、うわめくるなえ,校内清掃の日は、サボるなよ
他人に頼らんで、うんがもっと努力せな,他人に頼らないで、お前がもっと努力しないと
あんしはうのんぷてんぷな生き方をする,あの人は一か八かな生き方をする
不況だが、ええとこさここまでやっちきた,不況だが、やっとここまでやってきた
ばあちゃんも、わけえ時は、えーらしかったらしい,ばあちゃんも、若い時は、かわいらしかったらしい
伸びたタケノコを食べたら、えぎいのなんの,伸びたタケノコを食べたら、えぐいのなんの
母ちゃんのスクーターは、いつもバックミラーがえごうじょる,母ちゃんのスクーターは、いつもバックミラーが歪んでいる
少々安くても、えごわりい店には行かん,少々安くても、不愛想な店には行かない
いっつもえごんいいしじゃけん、尊敬するわあ,いつも笑顔のいいひとだから、尊敬するわ
墓地のそばを通る道は、わしゃあなんか、えじいんじゃわ,墓地のそばを通る道は、わしはなんか、怖いんだわ
あんしは上役にえすろうちばっかりおる,あの人は上役にへつらってばかりいる
孫のえちするんは、楽しいけどつかるん,孫の相手するのは、楽しいけど疲れる
孫のええちするんは、楽しいけどつかるん,孫の相手するのは、楽しいけど疲れる
数年たつが、復興はえっと進まん,数年たつけど、復興は久しく進まない
こげないい話を断るちゃ、えっぽどのこつで,こんなにいい話を断るとは、よっぽどのことだ
この家は、毎日んごと掃除せんと、部屋にえばが張る,この家は、毎日のように掃除しないと、部屋に蜘蛛の巣が張る
タグちゃなんかと思えば、えぶのことかえ？,タグかなんかと思えば、荷札のことか？
えれえしんじょう来てん、片付けははかどらん,偉い人が来てるから、片付けが捗らない
年寄りに説教するかえ、そりゃえろかろう,年寄りに説教するかい、それは偉いもんだね
今日は、新しいえんぺつで字を書こう,今日は新しい鉛筆で字を書こう
近ごろになって、えんやっと秋らしくなった,近ごろになって、ようやっと秋らしくなった
そりゃわしの分がおいいわ、あんたがもうちっと取りよ,それはわしの分が多いわ、あんたがもう少し取りなよ
親戚のおいさんが、お年玉をくれた,親戚のおじさんが、お年玉をくれた
町内会のごみひらいは、おいどうの番じゃけん忘れるんなえ,町内会のごみ拾いは、俺たちの番だから忘れるなよ
駅伝競走で、3人もおいのこすと気分がいい,駅伝競走で、3人も追い越すと気分がいい
秋には、あうくゎんの両側にマンジュシャゲの花が咲くんで,秋には、往還の両側にマンジュシャゲの花が咲くんだ
反抗期の子どもには、おうじょうする,反抗期の子どもには、難儀する
追っても逃げんカラスは、おうちゃきいなあ,追っても逃げないカラスは、横着だなあ
うちの犬は力が強いので、わしにはおえん,うちの犬は力が強いので、わしには手に負えない
伝説の大泥棒に、おおがっそうの人がおったなあえ,伝説の大泥棒に、髪が伸び放題の人がいたなあ
おつまみで、おおけがあるのはするめじゃ,おつまみで、長持ちするのはするめだ
駅まで歩いても、おおけんこたあねえ,駅まで歩いても、大したことはない
あんしは、おおねあげえあるみたいじゃ,あの人は、大方あのようにあるみたいだ
父ちゃんの浮気を何度も許すちゃ、おおばちな,父ちゃんの浮気を何度も許すとは、鷹揚すぎるな
化粧せんと、おかしいで,化粧しないと、恥ずかしいで
寒い朝は、なかなかおけれん,寒い朝は、なかなか起きれない
子どもをおこづると、夜中まで眠れんごとなる,子どもを調子に乗せると、夜中まで眠れなくなる
おごめん、わしじゃけど,ごめんください、わしだけど
おこんぼを着ると、赤ちゃんもお母さんもぬきい,ねんねこを着ると、赤ちゃんもお母さんも暖かい
初詣のおさんせんは、だいたいなんぼしよん？,初詣のお賽銭は、だいたいいくらしてる？
ゆうべ、おじい夢を見た,ゆうべ、恐ろしい夢を見た
生活習慣病の予防に、おしたしを食べよる,生活習慣病の予防に、おひたしを食べてる
バットをおしょるぐらいの剛速球投げろ,バットをへし折るぐらいの剛速球を投げろ
ジェットコースターに乗りたがるくせに、乗ると、おずかる,ジェットコースターに乗りたがるくせに、乗ると、怖がる
学校に、英会話をおそゆる外国人の先生が来た,学校に、英会話を教える外国人の先生が来た
保護者が甘い顔をすると、子どもはおだたる,保護者が甘い顔をすると、子どもはふざける
お盆には、おっさんがお経をあげに来る,お盆には、お坊さんがお経をあげに来る
村役場に鈴木さんちゅうしは、おっちょるな,村役場に鈴木さんって人は、居ているよな
おっとろっしゃのう,驚いた
隣の赤ちゃんは、おっぽすると泣き止む,隣の赤ちゃんは、おんぶすると泣き止む
サルも木からおつんち、言うじゃろう,猿も木から落ちるって、言うだろう
今日は、はようかえらな、母ちゃんがおでえ,今日は、早く帰らないと、母ちゃんが怖い
きのどきいとは思うが、おてこんじょる場合やねえで,気の毒だとは思うが、落ち込む場合じゃないよ
あんたは、こげなところにおてつく人じゃねえ,あんたは、こんなところで落ち着く人じゃない
おど言うちょらんで、若いもんの意見に従いよ,屁理屈を言ってないで、若い人の意見に従いよ
おとー、母ちゃんに3億円当たった夢を見た,びっくりしたあ、母ちゃんに3億円当たった夢を見た
もうちっと、おとこしを集めてくれんな,もうちょっと、男の人を集めてくれないか
小銭をおとしに入れちょいたで,小銭をポケットに入れておいたよ
お昼はおどろと漬物じゃけど、いいかえ？,お昼はうどんと漬物だけど、いいかい？
おなごしが多いと、にぎやかでいいわあ,女の人が多いと、にぎやかでいいわ
あんたたち夫婦は、おねえどしには見えんで,あんたたち夫婦は、同い年には見えない
クジラは、おばちの模様で固体を識別できる,クジラは、しっぽの模様で固体を識別できる
酔って、おらびたくじりよったが覚えちょるか,酔って叫んで回っていたが覚えているか
絶叫大会で、おらびよるところがニュースに出た,絶叫大会で、叫んでるところがニュースに出た
そげなしはおらんで、おったっちあんただけじゃ,そんな人はいないよ、居たっていうのはあんただけだ
こげな天気のいい日には、家の中におりきらん,こんな天気のいい日には、家の中に居られない
もうちっとおりよ、父ちゃんがかえっちくるけん,もう少し居なよ、父ちゃんが帰ってくるから
おりん傘持っちいったのは誰じゃろうか,俺の傘を持って行ったのは誰だろうか
おるかえ？グラウンドゴルフしに行こうえ,いますか？グラウンドゴルフしにいこうよ
バスからおるるときは、段差に気をつけよ,バスから降りるときは、段差に気を付けよう
東京は人と車が多くて、そう長くはおられん,東京は人と車が多くて、そう長くはいられない
あんしはおろいいけん、用心しよえ,あの人は意地が悪いから、用心しなよ
赤ちゃんが泣き止むまで、おんぼしようか,赤ちゃんが泣き止むまで、おんぶしようか
川で泳ぐと、がーたろにしりこだまぬかるるど,川で泳ぐと、かっぱにしりこだま抜かれるぞ
こげえ打たれよんに、はようピッチャーかいい,こんなに打たれてるのに、早くピッチャー変えろ
クレオパトラ似の美人、がいいやん,クレオパトラ似の美人、がいいじゃない
坂道を自転車で登ったら、がいがさがった,坂道を自転車で登ったら、筋肉痛になった
がいと釣れたけんもっちいくわ,たくさん釣れたから持って行くわ
そろそろヒナがかいわるるころで,そろそろヒナが孵化するころだ
同窓会幹事の役をかかえくうじ、困っちょる,同窓会幹事の役を抱え込んで、困っている
うちの猫は、床柱までかかじるんで困る,うちの猫は、床柱まで引っかかるから困る
橋を渡っち、かかりの家じゃ,橋を渡って、最初の家だ
急がんと、かけえあわんで,急がないと、間に合わないよ
隣の嫁は、ばあちゃんをかけころすそうじゃ,隣の嫁は、ばあちゃんを死ぬまで面倒を見るようだ
かさん方から、しもん方にミカンをうっち歩く,山の方から、下の方へミカンを売って歩く
おまえは、がさごじゃのう,お前は落ち着きのない子だな
ネコが、魚の入った袋を念入りにかざむ,ネコが、魚の入った袋を念入りに臭いを嗅ぐ
がしょうなしだけあって、最後は勝ったなあ,我慢強い人なだけあって、最後は勝ったなあ
干しシイタケは調理の前に、水にかす,干しシイタケは調理の前に、水に浸す
神社の境内に、かずわらが来て、みんなじ見に行った記憶がある,神社の境内に、サーカスが来て、みんなで見に行った記憶がある
年末になると今年もあと何日か、ついかぞゆんなあ,年末になると今年もあと何日か、つい数えてしまうなあ
おまえはそんズボンをかたきんごつはくのう,おまえはそのズボンを敵のようにはくなあ
若い衆がみこしをかたぐる,若い衆がみこしをかつぐ
わたしは今でん髪油は、かたしの天然物や,わたしは今の髪油は、ツバキの天然物だ
かたつらだけの肩を持ったら、ケンカになった,片方だけの肩を持ったら、ケンカになった
試験勉強するかたでえ、深夜放送を聞く,試験勉強をする一方で、深夜放送を聞く
部屋の片づけをしたら、かたひるかかった,部屋の片づけをしたら、半日かかった
かだらを大事にせにゃあ,体を大事にしないと
俺もサッカーにかたる,俺もサッカーに加わる
わしもかてて,わしも加えて
あんまり馬鹿にすると、かちくらわすぞ,あんまり馬鹿にすると、ぶん殴るぞ
さあ金メダルポイントじゃ、スパイクかちこめ,さあ金メダルポイントじゃ、スパイク叩き込め
役員になったがつのことはしたんかえ？,役員になったほどのことはしたのかい？
握り飯が余るごたら、食べちかっするで,握り飯が余るようなら、食べに加勢するよ
駅伝の応援に行ったら、かったなぎ抜くところが見られた,駅伝の応援に行ったら、片っ端から抜くところが見られた
朝市は、かっつりあうほどの人出だった,朝市は、ぶつかり合うほどの人出だった
隣から、自転車の空気入れをかってこい,隣から、自転車の空気入れを借りてこい
相手チームの守備が、かてえんじゃ,相手チームの守備が、かたいんだ
あんしをかてるかえ？,あの人を加えるかい？
おごめん、100円がなうっちょくれ,ごめんください、100円だけ売ってくれ
旅先で安い買い物をしたが、がながんじゃった,旅先で安い買い物をしたが、価格相応だった
かばしいにおいがすんなあ,香ばしいにおいがするなあ
興奮しち、会議で思わすいいかぶった,興奮して、会議で思わず言いそこなった
雨じゃ、外の洗濯物をかべなしにいれちょけ,雨だ、外の洗濯物を軒下に入れておけ
イモは、かまぎにつめち、倉庫で保存しちょちくりい,イモは、かますに詰めて、倉庫で保存しておいてくれ
稲刈りで隣のおいさんが、がまだしよるで,稲刈りで隣のおじさんが、精を出して働いてるよ
昔のかまやは、薄暗くて仕事がしづらかった,昔の炊事場は、薄暗くて仕事がしづらかった
兄ちゃんは、幼稚園の弟をがまる,兄ちゃんは、幼稚園の弟をからかう
子どもはやがて、親にかもうちくれんごとなる,子どもはやがて、親に構ってくれなくなる
父ちゃんが作った犬小屋は、風が吹くとかやる,父ちゃんが作った犬小屋は風が吹くとひっくり返る
退院したばかりやに、酒飲んだりからこしたら悪かろうが,退院したばっかりなのに、酒飲んだりなんかしたら悪いだろうが
力入れて自転車をこいだら、からすのりがした,力入れて自転車をこいだら、こむらがえりをした
大水が出て、ばあちゃんをかるうて逃げた,大水が出て、ばあちゃんを背負って逃げあｔ
わしゃあ、カレーはかれえ方が好きじゃ,わしはカレーは辛い方が好きだ
これはおれがんや,これはおれのだ
誰がんのでも良かろう,誰のでも良いだろう
かんからに赤い実がなると、ふるさとを思い出す,サルトリイバラに赤い実がなると、ふるさとを思い出す
先日の営業は、がんがんじゃったなあ,先日の営業は、損得なしだったなあ
かんころは、近ごろのわかいしの口にはあわんごたる,サツマイモの切り干しは、近ごろの若い人の口にはあわないようだ
北海道のカニの味噌汁は、がんじるとは別物や,北海道のカニの味噌汁は、カニ汁とは別物だ
あんやたがんたれじゃけん、話半分にきいちょけ,あいつはタチが悪いから、話半分に聞いておけ
かんねが巻きつくとスギやヒノキの生育に悪い,クズが巻き付くと、スギやヒノキの生育に悪い
かんぴんを2本、熱燗にしちょくれ,ちょうしを2本、熱燗にしてくれ
かんまん、全部増税で賄えでは困るで,構わない、全部増税で賄えでは困るよ
おい、娘の家の正月準備はできちょるかみにいっちきい,おい、娘の家の正月準備はできているか見に行って来い
あんしは、見かけは少しきさねえけど心はきれいで,あの人は、見かけは少し汚いけど心はきれいだよ
母ちゃんに散髪してもろうたら、きじになった,母ちゃんに散髪してもらったら、虎刈りになった
山歩きしよったら辛抱でけんじ、きじうちした,山歩きしてたら辛抱できなくて、山で大便した
帰るなり風呂じゃビールじゃと、きじょわしい,帰るなり風呂だビールだと気忙しい
きちいジーンズはいて、山に登るのはきちい,きついジーンズはいて、山に登るのはきつい
近ごろは、公園でぎっこんばったんを見かけんが、気のせいかなあ,近ごろは、公園でシーソーを見かけないけど、気のせいかなあ
信号がきなの時は、もう止まりよえ,信号が黄色の時は、もう止まりなよ
きにょうは大雨じゃった,昨日は大雨だった
うちまで車で送ってもらって、きのどきいなあ,うちまで車で送ってもらって、気の毒だなあ
二人三脚は、足首のきびり方にコツがいる,二人三脚は、足首の結び方にコツがいる
壁からぎぼがでちょるけん、服をひっかけんごと気をつけよ,壁から突起が出てるから、服をひっかけないように気を付けて
じいちゃんは孫にだけは、きもがきるる,じいちゃんは孫にだけは、気前がいい
小さい弟をきもがるから、兄ちゃんはえらい,小さい弟をかわいがるから、兄ちゃんはえらい
火事にならんように、焚火はすぐきやす,火事にならないように、焚火はすぐ消す
ぎゅうらしい恰好せんじ、平服でいこうえ,大げさな恰好しないで、平服でいこうよ
きらすを炊くときは、味が濃い方が好きじゃ,おからを炊くときは、味が濃い方が好きだ
牛乳飲み切らん,牛乳を飲み切れない
牛は、額や頬に、ぎりがある,牛は、額や頬に、つむじがある
タバコの火が上着に落ちて、きりめくねえ,タバコの火が上着に落ちて、焦げ臭い
職場の忘年会のぎんしがたは、社長や,職場の忘年会のお金を出す人は、社長だ
選手たちは今、長いくざりだかに差し掛かりました,選手たちは今、長い下り坂に差し掛かりました
ようそげえ、くされんじょう言い切るなあ,よくそんなに意地の悪いことを言い切るなあ
母ちゃんの作った料理に、くじいうちゃならん,母ちゃんの作った料理に、不満を言ってはいけない
あんしは、ぐずっともいわん我慢強い男じゃ,あの人は、文句ひとつ言わない我慢強い男だ
くぜのミカンは出荷できん,クズのミカンは出荷できない
一人ぐぜると、会議がなかなか終わらん,一人ぐずると、会議がなかなか終わらない
うちん父ちゃんは、大事な時にぐつが切れん,うちの父ちゃんは、大事な時に決断が切れない
あんしはぐつにゅうじゃから、気長にまちよ,あの人は優柔不断だから、気長に待つといいよ
昔は、くどで煮炊きしよった,昔は、かまどで煮炊きしてた
木材のくどろでバイオ発電をするそうじゃ,木材のクズでバイオ発電をするそうだ
枯れた竹をくぶると、バチバチいうて燃ゆる,枯れた竹をくべると、バチバチいって燃える
梅雨になるとくゆるところがある,梅雨になると、かずれるところがある
ひいきのチームが連敗すると、ぐらぐらくる,ひいきのチームが連敗すると、腹が立つ
くりいなっちょるが、海水浴にいったん？,黒くなってるけど、海水浴に行ったの？
そこんリモコンをとっりくりい,そこのリモコンをとってくれ
もったいぶらんじから、ぐるぐるいえ,もったいぶらずに、早く言え
ばあちゃんと母ちゃんは一緒になって、父ちゃんをくるくるまるめこむ,ばあちゃんと母ちゃんは一緒になって、父ちゃんを懐柔する
あの町この町ひがくるる,あの町この町日が暮れる
そげんことんじょう、しちくじゅういわんでくるる,そんなこと、しつこくいわないでくれるか
大人になってぐるると、なかなか帰ってこん,大人になって怠けると、なかなか帰ってこない
大人なら、そんくれえ分かっちゃらなえ,大人なら、それくらい分かってあげないと
あんしは何があってん、くわいとしちょる,あの人は何があって、快としている
そのシュークリームを俺にもくわしい,そのシュークリームを俺にも食わせろ
くんずいて草取りすると、腰が痛くなる,前かがみになって草取りすると、腰が痛くなる
あんしは宴会の席で、くんだりむく,あの人は宴会の席で、下を向く
川まで下りる石段は、くんばの跡や,川まで下りる石段は、水汲み場の跡だ
夏は、げがある方が涼しいからいいと思うで,夏は、ひさしがある方が涼しいからいいと思うよ
あんたげは、何人くらしな,あんたの家は、何人暮らしか
はようけえ,早く来い
このところ、けえ寒い日が続くなあえ,このところ、とても寒い日が続くなあ
自分だけケーキを2個食べるとは、けえしょもねえ,自分だけケーキを2個食べるとは、つまらない
小1の孫がけえた手紙が届いた,小1の孫が書いた手紙が届いた
けえつまらんことしようるうちに、歳をとった,本当につまらないことをしているうちに、歳をとった
大分方言に、そげなげさきい言葉はないで,大分方言に、そんな下作な言葉はないよ
連立を打診しても、相手はけしろっとしちょる,連立を打診しても、相手は知らんふりをしている
げすいたを使って風呂に入りよったが、あれにはコツがいったもんじゃ,下水板を使って風呂に入ったけど、あれにはコツが要るものだ
遠足の朝はけそつく,遠足の朝はそわそわする
ミサイルが頭上を飛ぶなんか、想像しただけでけたくそわりい,ミサイルが頭上を飛ぶなんか、想像しただけで縁起が悪い
審判が見えてない時に、大人数からけたくられた,審判が見えてない時に、大人数から蹴られた
けだらしい外交じゃ,だらしない外交だ
あいつが女房のけちいしかるんのには、わけがあるんで,あいつが女房の尻に敷かれるのには、わけがあるんだ
バーゲンで買ったシャツやけど、けっかいい,バーゲンで買ったシャツだけど、案外いい
高齢者の方が、けっく体が丈夫やったりする,高齢者の方が、結構体が丈夫だったりする
あのげってんが、文学賞を取ったんかえ？,あのあまのじゃくが、文学賞を取ったのかい？
しらしんけん急いだけどが、バスに間に合わんかった,懸命に急いだけれども、バスに間に合わなかった
ようそげなけとろく考えつくこっちゃ,よくそんなつまらないことを考えつくことだ
計画停電も盆休み中は、やらんげな,計画停電も盆休み中は、やらないそうだ
けねん生まれた子が、もう歩き出したんかえ？,去年生まれた子が、もう歩き出したのかい？
カラオケで必要以上にけばるのも考えものだ,カラオケで必要以上に気張るのも考えものだ
あん人を待たせると悪いけん、わしだけ先にいっちょくけん,あの人を待たせると悪いから、わしだけ先に行っておくから
隣の家に勝手に上がってお茶を飲むとは、なんちゅうけんたいじゃ,隣の家に勝手に上がってお茶を飲むとは、なんという横柄だ
寒い季節は、母ちゃんのけんちゃんに限る,寒い季節は、母ちゃんのけんちん汁に限る
今日はまた、県庁行ききち、なにごとな,今日はまた、晴れ着を着て、何事だ
けんつうしよると、いつかやり返さるる,意地悪してると、いつかやり返される
仲直りしたけんど、相変わらず会話はない,仲直りしたけれど、相変わらず会話はない
次男だけ顔がこいいのはなしかのう,次男だけ顔が濃いのはなぜかなあ
こいさ、川べりで盆踊りと花火大会がある,今夜、川べりで盆踊りと花火大会がある
こいた参った,これは参った
そいたどげえするつもりな,そいつをどうするつもりだ
いつもの店から、豆腐をこうちくる,いつもの店から、豆腐を買ってくる
水泳大会で溺れたちゃ、こうべんねえやつじゃ,水泳大会で溺れたとは、要領が悪いやつだ
ごうらがたけえと、話が隣に筒抜けになる,声が高いと、話が隣に筒抜けになる
運動会で走ったら、今日もまだからだがこええ,運動会で走ったら、今日もまだ体がだるい
こうらどうか、こんちらかりようは,これはどうした、この散らかりようは
わしゃ、あんしとはごがすかん,わしは、あの人とは相性が悪い
今になってあのマニフェストを読むと、ごがすく,今になってあのマニフェストを読むと、腹が立つ
焼肉は、こがるるくらい焼いたのが好きじゃ,焼肉は、焦げるくらい焼いたのが好きだ
こきあったスリッパは、どきやったんか,ここにあったスリッパは、どこにやったのか
古くぎを再利用しようとしたが、ごきいたたんかった,古くぎを採用しようとしたが、役に立たなかった
つえついて行きよ、こくるといけんけん,杖をついて行くといいよ、こけるといけないから
友達同士で初詣に行き、一緒に鳥居をこぐる,友達同士で初詣に行き、一緒に鳥居をくぐる
キャンプから帰って、風呂でこけを落とした,キャンプから帰って、ふろでアカを落とした
なしこげな目にあわないけんのかのう,なんでこんな目にあわないといけないんだろう
風邪で寝込むわ、旅行にはいかれんわ、こげんこたあねえ,風邪で寝込むわ、旅行には行けないわ、こんなことはない
ここじばんじ、どこじ飛ぶ,ここで飛ばずに、どこで飛ぶ
引き出しの小銭をこさぎ集めたら電車賃が出た,引き出しの小銭をかき集めたら電車賃が出た
こしきい人は、人気がねえ,ずるい人は、人気がない
ごじぶんにきてしもうち、悪かったなあ,食事時に来てしまって、悪かったな
わしのしろうと栽培でできたミカンでこそあれ,わしの素人栽培でできたミカンのまさにそれ
夏にはこそぐりの木にピンクや白の花が咲く,夏のサルスベリの木にピンクや尻の花が咲く
掌でカナブンが歩くと、こそばいい,掌でカナブンが歩くと、くすぐったい
ほほをこそぶる風に春を感じるこの頃です,ほほをくすぐる風に春を感じるこの頃です
学校の給食は、こそろもそろ食べなさい,学校の給食は、全部残さず食べなさい
炎天下にカボス味のかき氷ちゃ、こたえんのう,炎天下にカボス味のかき氷とは、すごくいいなあ
朝も早く犬とは知ると、こたゆるがなあ,朝も早く犬から走ると、疲れるわな
このホームランで、試合は決まったごたる,このホームランで、試合はきまったようだ
情けねえじ、なこうごたる,情けない、泣いているようだ
経済制裁なんかしても、こたわんごたるぞ,経済制裁なんかしても、影響を受けないようだぞ
思い出してごらん、あんなごつ、こんなこつあったでしょう,思い出してごらん、あんなこと、こんなことあったでしょう
火事だちゅう声を聞いて、こっけむっくえり駆け付けた,火事だという声を聞いて、あわてふためいて駆け付けた
無礼講じゃ、ごっこん飲め,無礼講だ、どんどん飲め
クリスマスパーティーの、ごっそうが楽しみじゃ,クリスマスパーティの、ごちそうが楽しみだ
椅子は、こっちべたから並べちくりい,椅子は、こっち側から並べてくれ
うちの息子は筋肉隆々で、こってのごたる,うちの息子は筋肉隆々で、雄牛のようだ
そげなへっぴり腰では、こてえならん,そんなへっぴり腰では、役に立たない
あっこん跡継ぎはごてしんやけん心配やなあ,あそこの跡継ぎは怠け者だから心配だなあ
サルは、寒い日にはみんなでこてまる,サルは、寒い日にはみんなで固まる
ようこなしちくれた,よくいじめてくれた
倍にして返しちゃる,倍にして返してやる
まめに水を変えてやらんと、金魚がごぬるで,まめに水を変えてやらないと、金魚が死ぬよ
足首をこねると、なかなか治らんでえ,足首をくじくと、なかなか治らないよ
日曜日の勉強は、こびりが楽しみ,日曜日の勉強は、おやつが楽しみ
修学旅行を前に、注意事項のこぶれに選ばれた,修学旅行を前に、注意事項の連絡係に選ばれた
こべえよう、一輪車に乗れた,要領良く、一輪車に乗れた
注射は痛いけど、泣かんでこらいい,注射は痛いけど、泣かないでこらえろ
あの選手は、こらえじょうねがあるのが売り物や,あの選手は、我慢強いのが売り物だ
おごめん、こりおくれ,ごめんください、これおくれ
どりな,どれな
そりじゃがえ,それだよ
ごろじい、一生懸命練習した手品じゃけん,ごらんください、一生懸命練習した手品だから
日曜日の約束を、ころっと忘れちょった,日曜日の約束を、すっかり忘れてた
こん話は、近いうちこわくるで,この話は近いうちに壊れるよ
おにぎりとこんこは相性がいいなあえ,おにぎりとたくあんは相性がいいな
暖かくなったら、花の苗をとりにこんせ,暖かくなったら花の苗を取りに来てください
うどんに、ごんぼの天ぷらがあうなあえ,うどんに、ごぼうの天ぷらがあうなあ
こんめえ子相手に、そげなこんめえこたいいめえ,幼い子相手にそんな小さい事いいまい
こんやた、まだ人をいじめたりしよんのか,この野郎、まだ人をいじめたりしてるのか
さあさあ、今年はいつまでも暑かったなあ,そうそう、今年はいつまでも暑かったなあ
久しぶりの休みに、さあのまきじゃ,久しぶりの休みに、急用だ
釣竿を少しこっちにさいだすと手が届く,釣竿を少しこっちに差し出すと手が届く
じいちゃんは百歳やけど、さかしいなあ,じいちゃんは百歳だけど、元気だなあ
瓶をさかしめしてみたが、酒はのこっちょらん,瓶をさかさまにしてみたが、酒は残っていない
荷物を広げさがす,荷物を広げ散らかす
弁当を食いさがす,弁当を食い散らかす
人にものをやりさがす,人にものをやり散らかす
さかとんぼりしてん、自家用ジェット機は買い切らん,逆立ちしても、自家用ジェット機は買いきれない
もうじき、そこのさかんひらに桜が咲く,もうじき、そこの斜面に桜が咲く
さきのばんのテレビドラマは面白かった,一昨日の晩のテレビドラマは面白かった
動きがさじい,動きが素早い
竹の枝をさするのは、なたの刃のない方でいい,竹の枝をたたき切るのは、なたの刃のない方で良い
冬は、毎朝落ち葉をさずるのが大変ですわ,冬は、毎朝落ち葉をかき集めるのは大変ですわ
慣れん馬にいきなり乗ると、さぜくりおつるで,慣れない馬にいきなり乗ると、思いっきり転落するよ
雨が降り出したから洗濯物をさぜこめ,雨が降り出したから洗濯物をかき込め
そげえさっからさきに文句んじょう言わんでくるる,そんなに次から次に文句を言わないでくれる
昨日、港の堤防でアジをさであぐるのを見たで,昨日、港の堤防でアジを次々釣り上げてるのを見たよ
田植えはきちいが、さなぼりは楽しみじゃ,田植えはきついが、田植え後の骨休みは楽しみだ
難題をさばくる大臣がおらんかなあ,難題を捌ける大臣がいないかなあ
こげえさびいと、冬物を出さんならん,こんなに寒いと、冬物を出さないといけない
今年初めてかき氷を食べたら、さぶさぶがでた,今年初めてかき氷を食べたら、鳥肌が立った
我が家はいつも散らかっちょって、ざまあねえ,我が家はいつも散らかってて、だらしがない
海外から帰ると、ざまむねえコインがたまる,海外から帰ると、たくさんコインがたまる
小麦粉がさむいけん、近くの店でこうてきて,小麦粉が足りないから、近くの店で買ってきて
あんしとわしは、さんげんあしの友じゃ,あの人とわしは、竹馬の友だ
向こうから来る男んしは、どこんしかえ？,向こうから来る男の人は、どこの人かい？
よし、兄ちゃんが少してつどうちゃる,よし、兄ちゃんが少し手伝ってあげる
父ちゃんがかえっちくるまでに宿題しちょくで,父ちゃんが返ってくるまでに宿題をしておくよ
帰ったら遊ぶより宿題を先にしい,帰ったら遊ぶより宿題をさきにしなさい
うちの猫は、ばあちゃんをしいちょる,うちの猫は、ばあちゃんを好いている
秋口に台風が来ると、稲穂にしいらがふゆる,秋口に台風が来ると、稲穂に実っていないもみが増える
ほら吹き大会じ、しいらぐちをたたいた,ほら吹き大会で、軽口をたたいた
あん、しかきい顔のおいさんは誰かえ？,あの四角い顔のおじさんは誰かい？
家の手伝いを、しかつせんじから遊びまわる,家の手伝いをちゃんとせずに遊びまわる
鉢からじかつぼに移したら、花が元気になった,鉢から地面に移したら、花が元気になった
しかともしれんことでも、しらしんけんやる,くだらないことでも、一生懸命やる
うちゃあ、携帯はしきるが、パソコンはしきらん,うちは携帯はできるが、パソコンはできない
あんしは痩せんはずじゃ、じぐちがねえ,あの人は痩せないはずだ、節度がない
しこするより、人格を磨きよえ,支度するより人格を磨こうよ
木がしこる,木が茂る
荷がしこる,荷がかさばる
しこった格好をする,構える格好をする
文化の日の朝ぐらいが、ししらさみいなあえ,文化の日の朝ぐらいが、なんとなく寒いなあ
ゲームはするが、勉強はしたむながる,ゲームはするが、勉強はしたがらない
そげなことしちから、また母ちゃんに怒られようち思うち,そんなことして、また母ちゃんに怒られると思うよ
あんしの話は、しちくじい,あの人の話は、くどい
お札を両替しちくれんし,お札を両替してください
隣のおいさんは、しちげってんじゃから、機嫌のいい日に頼むんがいいで,隣のおじさんは、大偏屈者だから機嫌のいい日に頼むのがいいよ
今度こげなことしちみい、どげんこつになるか,今度こんなことしてみろ、どんなことになるか
大勢の前で歌詞を間違って、しちもんどしい,大勢の前で歌詞を間違って、めんどうしい
母ちゃんの車のタイヤを交換しちゃれ,母ちゃんの車のタイヤを好感してあげて
若いうちに勉強しちょけ,若いうちに勉強しておけ
予習しちょらんけん分からんのじゃねえんな,予習してないから分からないんじゃないのか
何をするにも、じちょをいるることが大切じゃ,何をするにも、気合を入れることが大切だ
梅雨前にやる畑仕事は、もう全部しちょん,梅雨前にやる畑仕事は、もう全部完了している
床上浸水で、家中がしっかんがっちゃんじゃ,床上浸水で、家中がしっちゃかめっちゃかだ
あんしはじってかえから、会計をしてもらおう,あの人は実直だから、会計をしてもらおう
雨がこう降ると、しとめんなあ,雨がこう降ると、耐えられないなあ
あんたん言うことは、いつも、じなしじゃ,あんたの言うことは、いつも、無責任だ
先生が生徒に体罰なんか、しなんな,先生が生徒に体罰なんか、しないで
仲間はずれにするような、しねくされは禁止じゃ,仲間はずれにするような、いじわるは禁止だ
しねっとやるより、正面突破がよかろう,こっそりやるより、正面突破が良かろう
手のかすり傷は、じねんと治った,手のかすり傷は、自然と治った
大雨ん中をはしっち帰ったら、革靴がしのじゃ,大雨の中を走って帰ったら、革靴が廃棄物だ
ゴルフは、しびくように打つと飛ぶっちゅうで,ゴルフは、しばくように打つと飛ぶっていうよ
母ちゃんのお説教きいちょったら、しびりが切れた,母ちゃんのお説教聞いていたら、しびれが切れた
うちの犬は喜びすぎると、しびる,うちの犬は喜びすぎると、ちびる
ダイコンを天日に干したら、しぼなゆる,ダイコンを天日に干したら、しなびる
うちん犬はどこでんここでん垂れ流して、しまたつかん,うちの犬はどこでもここでも垂れ流して、始末がつかない
長雨で、しめしが乾かん,長雨で、おむつが乾かない
あいたしもうた、携帯おいちきた,ああしまった、携帯置いてきた
じゃあじゃあ,そうだそうだ
家族じゃあに、何遠慮することあるかえ？,家族なのに、何遠慮することがあるかい？
柔道は始めたばかりじゃけん、勝てんでもしゃあねえ,柔道は始めたばかりだから、勝てなくても仕方ない
神棚にしゃかきを供えて、柏手を打つ,神棚に榊を供えて、柏手を打つ
ゴム風船がいつの間にか、しゃげちょん,ゴム風船がいつの間にか、つぶれてる
晴天は気持ちいいじゃけんど、雨が降らんと水不足になる,晴天は気持ちいいけど、雨が降らないと水不足になる
団体行動が苦手じゃあに、みんなが旅行に、しゃっち誘う,団体行動が苦手なのに、みんなが旅行に、無理に誘う
国会のやじは、答弁のじゃめなる,国会のやじは、答弁の邪魔になる
しゃりむり増税することはなかろうに,遮二無二造成することもないだろうに
反省しちょるち？,反省してるって？
じゃろう、じゃろう,だろう、だろう
嫁さんがしゃんとこべえやから、我が家は安泰じゃ,嫁さんがしっかり者だから、我が家は安泰だ
自転車がしゅうじからでちきち、驚いた,自転車が小道から出てきて、驚いた
生涯で二回、しゅうたんなげることがあった,生涯で二回、悲しみに暮れることがあった
ちょっと走っただけやあに、翌日じゅわっと足に来た,ちょっと走っただけなのに、翌日じわっと足に来た
近ごろの若いもんは、しょうが足りん,近ごろの若いものは、性根が足りない
あんしは、一年中仕事んじょうしちょる,あの人は、一年中仕事ばかりしている
あんたなら、しょうがしれちょんから心配ねえ,あの人なら素性が分かってるから心配ない
しょうけに水を注ぐごと、金が残らん,竹ざるに水を注ぐように、金が残らない
こん子はしょうねがいい,この子は物覚えがいい
このひもはじょうびいから、荷づくりに使える,このひもは丈夫だから、荷づくりに使える
しょうれんは、冬場の遊びじゃった気がする,ビー玉は、冬場の遊びだった気がする
すいがんは、冬場の遊びじゃった気がする,ビー玉は、冬場の遊びだった気がする
今の鳴き声は、しょっくんのごたる,今の鳴き声は、ウシガエルのようだ
そげなこんじょうしよると、嫌われるで,そんなことばかりしてると、嫌われるよ
しょわしいんじゃがなあ、来週にしちくれんな,忙しいんだけどなあ、来週にしてくれないか
犬がまとわりついて、しょわしい,犬がまとわりついて、うるさい
あんしに任せちよか、しょわねえ,あの人に任せようか、心配ない
いつまでも改めんのやからしょわねえわ,いつまでも改めないんだからほっとこうよ
わしゃ、おいさんが入院したのをしらざった,わしは、おじさんが入院したのを知らなかった
父ちゃんは、仕事に、しらしんけん頑張る,父ちゃんは、仕事に、一生懸命頑張る
わしゃ子どもの頃から、しりあけどりじゃ,わしは子供のころから、飽きっぽい性格だ
グラウンドがじりいけん、今日の野球は中止じゃ,グラウンドがぬかるんでいるから、今日の野球は中止だ
しりかぶとが筋肉痛で自転車に乗れん,お尻が筋肉痛で自転車に乗れない
雨続きでしるしいし、洗濯物は乾かんし、やおねえで,雨続きで湿度が気持ち悪いし、洗濯物は乾かないし、やってられないよ
あんしはいっつも鼻をぐずぐず言わせて、しろしいがなあ,あの人はいつも鼻をぐずぐず言わせて、うっといしいよなあ
誰か、しわすわすれの幹事をやっちくれめえか,誰か、忘年会の幹事をやってくれないか
近所の小学生で、一番じをおぼゆるのが誰か,近所の小学生で一番勉強ができるのは誰か
客商売では、しんきねえ顔は禁物じゃ,客商売では、恥ずかしい顔は禁物だ
今日は、しんざみいけん、熱燗じゃ,今日は、心から寒いから、熱燗だ
蚊に刺されたぐらいでしんどするな,蚊に刺されたぐらいで騒ぐな
育児なんかしんのかちゅう態度じゃ困るで,育児なんか知らんという態度だと困るよ
アリがじんべらっと行列してパンくずを運びよる,アリが順序良く行列してパンくずを運んでいる
すいいミカンを、もう鳥がきちつつきよる,酸っぱいミカンを、もう鳥が来てつついている
まき割りをしよったら、すいばりが刺さった,まき割りをしていたら、トゲが刺さった
うちん猫はずうごろで、ネズミなんか捕らん,うちの猫は怠け者で、ネズミなんか捕らない
ずうそうな服装で歩きよると、笑わるるで,だらしない服装で歩いていると、笑われるよ
あんしはやたらにすうたく言うから嫌わるる,あの人はやたらにうそを言うから嫌われる
久住は、すうらいちめんススキの原っぱやった,久住は、あたり一面ススキの原っぱだった
台風の影響か、今年の稲は、すえが多い,台風の影響か、今年の稲は、身が入っていないもみが多い
すかんたらしい人ではないが、リーダーには不向き,好かない人ではないが、リーダーには不向き
ミカンは3個ずく、クリは10個ずくわけちょくれ,ミカンは3個ずつ、クリは10個ずつ分けてくれ
宿題せんずく遊びにいきよんのは、どん子かえ？,宿題しないまま遊びに行ってるのは、どの子かい？
風邪ひいたんじゃろう、ずくたんが痛い,風邪ひいたんだろう、頭が痛い
東京スカイツリーに上ったら、足がすくばるごたった,東京スカイツリーに上ったら、足がすくむようにあった
枕木とは、レールにすくるやつじゃ,枕木とは、レールに敷くやつだ
夏山でも、寒くてすくるることがある,夏山でも、寒くて縮こまることがある
日本の宇宙ロケットには、すこどんが少ない,日本の宇宙ロケットには、失敗が少ない
運動会の棒倒しでは、赤と白がすじょうむじょうじゃ,運動会の棒倒しでは、赤と白が入り乱れるようだ
雑草は、すっくりかえすと、後が生えんでいい,雑草は、ひっくり返すと、後が生えなくていい
そげなすったくろ言うてから、誰が相手にするかえ？,そんなおかしなことを言って、誰が相手するかい？
就職試験を受けたが、すったりじゃった,就職試験を受けたが、さっぱりだった
仲人が酔っ払って、披露宴がすっちゃんがっちゃんや,仲人が酔っ払って、披露宴がめちゃくちゃだ
あんやた、都合が悪うなると、すっとごついいはじむる,あの野郎、都合が悪くなると、うそごとを言い始める
あん社長は、小さい頃はすっとぼんじゃった,あの社長は、小さい頃は悪賢い男の子だった
町一番の美人は昔、すっとめろと言われよった,町一番の美人は昔、悪賢い女の子と言われてた
電力会社は国に、すっとろくの報告をしたらしい,電力会社は国に、うその報告をしたらしい
あんたまた、すっとんかわいいよんのやねえんな,あんたまた、でたらめ言ってるんじゃないのか
うちの母ちゃんは部屋を片付けんのじゃ、ずつねえがなあ,うちの母ちゃんは部屋を片付けないんだ、情けないよなあ
高校生になったとたんに、宿題が増えてずつねえ,高校生になったとたんに、宿題が増えて苦痛だ
テストの点が悪い理由をすっぺこっぺ言う,テストの点が悪い理由を、ああだこうだ言う
生ゴミをすつんから、カラスが集まる,生ゴミを捨てるから、カラスが集まる
ネコがスズメを狙うときは、ずぼうち近づく,ネコがスズメを狙うときは、這って近づく
本家の結婚式に呼ばれたんじゃけん、すばゆるこたならんで,本家の結婚式に呼ばれたのだから、ふざけたことするなよ
わしだけがすぼや,わしだけが補欠だ
あんしはすぼくせえところがあって頼りにならん,あの人は幼稚っぽいところがあって頼りにならない
村のはずれのすぼやねの家が文化財に指定された,村のはずれの草ぶき屋根の家が文化財に指定された
水泳教室にいきよる孫は風呂の中でも、すむ,水泳教室に行っている孫は風呂の中でも、潜る
今日のは、すもしれん会議じゃった,今日のは、くだらない会議だった
すもつくれんことせんで、手伝え,くだらないことしてないで、手伝え
練習試合はすらこじゃけど、負くると悔しい,練習試合は本気でない試合だけど、負けると悔しい
すらごつはエイプリルフールだけにしちょけ,空言はエイプリルフールだけにしておけ
あんしのすらたくは、ある意味天才的じゃ,あの人のうそは、ある意味天才的だ
証拠があんのに、すらとぼくんとは白々しい,証拠があるのに、空とぼけるとは白々しい
あんやた、ずりいのが顔に表われちょる,あの野郎、ずすいのが顔に表われてる
しっかりつかまっちょかんと、ずりくりおつるで,しっかりつかまっておかないと、ずり落ちるよ
順番に席をずる,順番に席を移動する
今度ばあちゃんにマッサージするなきゃねえ,今度ばあちゃんにマッサージするからね
うちん子は、綿あめの棒をいつまでもすわぶる,うちん子は、綿あめの棒をいつまでもしゃぶる
若い娘がそげえずんだるるもんじゃねえんで,若い娘がそんなにだらしない格好をするものではないんだよ
結婚式に着る服じゃが、ずんど気に入らん,結婚式に着る服だけど、あまり気に入らない
授業中におしゃべりすんな,授業中におしゃべりするな
朝のラジオ体操は、出席点呼すんのか,朝のラジオ体操は、出席点呼するのか
小せえ子をせがうのは、やめんか,小さい子をからかうのは、やめないか
飲み会で遅くなると、うちの玄関ドアはせかる,飲み会で遅くなると、うちの玄関ドアは閉まる
昔は、せきたんがんをたたいて魚を売っていた,昔は、石油缶をたたいて魚を売っていた
30キロすぎから腹がせいて、途中棄権した,30キロすぎから腹が痛くて、途中棄権した
わしゃ近ごろ酒を飲むと、ぜぜくる,わしは近ごろ酒を飲むと、下が回らなくなる
かわいい孫でも3時間もおると、せせろしい,かわいい孫でも3時間もいると、うるさい
明日はあん娘が遠くに引っ越す、せちいがなあ,明日はあの娘が遠くに引っ越す、切ないなあ
グラウンド5周走るのは、せちい,グラウンド5周走るのは、つらい
子どもがせっつくのは、あんたを好きやからで,こどもがつきまとうのは、あんたを好きだからだよ
夏は、せどを吹く風が涼しくて気持ちいい,夏は、裏口を吹く風が涼しくて気持ちいい
はよう支度せな、列車におくるるで,早く支度しないと、列車に遅れるよ
ゴール前の混戦から、こぼれ球をせりこむ,ゴール前の混戦から、こぼれ球を押し込む
坂が急やけん、自転車をせっち上った,坂が急だから、自転車を押して上った
車の掃除はせれれんなあ,車の掃除はしたくないんなあ
暑中見舞いの次は年賀状と、せんぐり書いて一年が過ぎる,暑中見舞いの次は年賀状と、順繰り書いて一年が過ぎる
いやがっちょるぞ、そげなことせんすな,嫌がっているぞ、そんなことしなさんな
朝いちばんに、せんちんに行く,朝いちばんに、トイレに行く
自動ドアが増え、せんちん育ちが減った,自動ドアが増え、開けっ放しにする人が減った
秋は、しらしんけん試験勉強せんならん,秋は、一生懸命試験勉強しないといけない
歳をとると、せんねさきのこともすぐ忘るる,歳をとると、つい先ほどのこともすぐ忘れる
こいじ終わったかと思えば、まだ借金があっち、そいじ参っちょるんじゃ,これで終わったかと思えば、まだ借金があって、それで参っているんだ
ぞうたんなこといってたら、日が暮れた,とりとめのないこといってたら、日が暮れた
そうちこ、先生はわしの初恋の人じゃった,そうですよ、先生はわしの初恋の人だった
そうちゃ、あんたん言う通りちゃ,そうだよ、あんたの言う通りだよ
そうてえ,そうです
そきある本をもっち、こききち読んじくりい,そこにある本を持って、こっち来て読んでくれ
朝飯の後に、牛乳はそげえ飲めんで,朝飯の後に、牛乳はそんなに飲めないよ
父ちゃんがそげんふうじゃき困るんじゃ,父ちゃんがそんな風だから困るんだ
洗車はそこらそんげでいいで,洗車は適当でいいよ
ジュース飲んじ、そしちケーキ食べち、ほいちゲームした誕生日,ジュース飲んで、そしてゲーム食べて、その上ゲームした誕生日
モモは丁寧に扱わんと、表面がそずる,モモは丁寧に扱わないと、表面が傷つく
前の走者を追い抜くときは、そつ通れ、そつ,前の走者を追い抜くときは、外通れ、外
お客さんが来るんと、そっここ散らばっちょるけん片づけて,お客さんが来るけど、そこここ散らばっているから片付けて
振袖を着た時は、そとがまにならんごとな,振袖を着た時は、つま先を外側に向けて歩かないようにな
父ちゃんはそとぼこりで、家ではおとなしい,父ちゃんは外で強く出る人で、家ではおとなしい
そばゆる前にグラウンドから引きあぐるぞ,雨が降り始める前にグラウンドから引き上げるぞ
天気のいい日には、海岸で網をそびく,天気のいい日には、海岸で網を振って伸ばす
父ちゃんも言い過ぎた、そやけど、母ちゃんが家出するこたないやろ,父ちゃんも言い過ぎた、そうだけど、母ちゃんが家出することないでしょ
丘のそらん家で改築を始めたのが見ゆる,丘の上の家で改築を始めたのが見える
そりき、あんたは仕事が長続きせんのじゃわ,それだから、あんたは仕事が長続きしないんだわ
金返せち言うたら、そりぎり顔見せん,金返せって言ったら、それっきり顔を見せない
被災地でそりくりかやる大臣がおったなあえ,被災地でそっくり返る大臣がいたなあ
それっちゃ、わしが前から言いたかったのは,それだよ、わしが前からいいたかったのは
寝ぼけてトイレに行ったら、浴衣ん裾がぞろびいちょった,寝ぼけてトイレに行ったら、浴衣の袖が引きずってた
普段はがさつやが、履物はそろゆん,普段はがさつだけど、履物は揃えない
わしがそんげ行くけん、あんたはそきおっちょって,わしはそっち行くから、あんたはそこ居てて
帰ってきち、そんなり寝ちしもうた,帰ってきて、そのまま寝てしまった
遠足の翌日に宿題がいっぱい出て、だいい,遠足の翌日に宿題がいっぱい出て、だるい
普段はたいらくこくけど、ヘビを見たらすぐ逃げる,普段は大言壮語を言うけど、ヘビを見たらすぐ逃げる
どしたんな、たえがねえ顔してから,どしたんだ、情けないかおしてから
あんしは体が大きいが、弁当箱もだおけじゃ,あの人は体が大きいが、弁当箱も大きい
キャンプするけん、たきもん集めてこい,キャンプするから、たき物集めてこい
古いタオルはたくねちょけ、車の掃除に使う,古いタオルは折り重ねておけ、車の掃除に使う
オクラがたけて硬くなった,オクラが成長しすぎて硬くなった
中秋の名月には、だごを作ってお供えする,中秋の名月には、団子を作ってお供えする
手首をたごかして、キーボードがうてん,手首を捻挫して、キーボードがうてない
子どものしたことじゃから、たすとよかろうに,子どものしたことだから、大目に見ると良いだろうに
打ち身は温泉にはいっち、たずると気持ちいい,打ち身は温泉に入って、温湿布すると気持ちい
あだだあ、さっき近所の人が交通事故に遭った,びっくりしたあ、さっき近所の人が交通事故に遭った
うちん犬は泥棒にも吠えん、ただんたろくじゃ,うちの犬は泥棒にも吠えない、役立たずだ
うちのじいさんは、だつを作って小遣いを稼ぎよった,うちのじいさんは、大きな袋を作って小遣いを稼ぎよった
そげなだっしもねえ格好で外に出ちゃいけん,そんなだらしない格好で外に出ちゃいけない
今日は、たっしゃごしらえしちょると思うたら山菜とりな,今日は、作業着着てると思ったら山菜とりか
生シイタケを乾燥したら、たったごしこか,生シイタケを乾燥したら、たったこれだけか
あんしがいいのは、たっぱいだけで,あの人のいいところは、体格だけだよ
今日は、いい天気たな,今日はいい天気ですね
そうたなあ,そうですねえ
よう見たら、たのん顔は、えーらしんで,よく見たら、狸の顔は、かわいらしいんだよ
だのもんをいっぱい食う牛が、いい肉牛になる,エサをいっぱい食う牛が、いい肉牛になる
隣の部屋、しゃあしいねえ,隣の部屋、うるさいねえ
タケノコ堀ったんじゃが、たぶるごたらもっちいくで,タケノコ掘ったんだけど、食べるようなら持って行くよ
キャビアは食べきるけど、高くて食べきらん,キャビアは食べられるけど、高くて食べられない
100点とって、母ちゃんをたまがらかす,100点とって、母ちゃんを驚かす
嫁に行った娘が孫を連れて、だまし帰ってきた,嫁に行った娘が孫を連れて、突然帰ってきた
この洗濯機は旧式じゃが、ようたまる,この洗濯機は旧式だけど、良く長持ちする
あんしの女房は和風美人たゆう,あの人の女房は和風美人とかよく言えたものだ
だらしい意見のじょうで、会議が進まん,だるい意見ばかりで、会議が進まない
だりかお前は,誰だお前は
今日はだりいがなあ,今日はだるいよなあ
だるいやっちゃのう,だるいやつだなあ
良く休んで、だりょぬくことが明日の活力につながる,良く休んで、疲れを抜くことが明日の活力につながる
いい年しち、たるをふるのはやめちょきよ,いい年して、寄って元気を出すのはやめておきなさい
ブーンちゅうて、だんごばちが飛んじきた,ブーンと言って、クマバチが飛んできた
政界を見ちょんと、大臣もだんだんじゃなあ,政界を見てると、大臣もいろいろだなあ
家が見つからん時は、人にたんぬるといい,家が見つからない時は、人を訪ねるといい
他人の病状をたんねほよくるのはよくねえで,他人の病状を悪意含んで尋ねるのは良くないよ
あんしが金メダルとれんかったんは、だんねんじゃ,あの人が金メダルとれなかったのは、残念だ
大分弁ちどげなんかち聞かれち困ったんち,大分弁ってどうなのかって聞かれて困ったって
今、東京にちいた,今、東京についた
映画を見に、兄ちゃんにちいちいく,映画を見に、兄ちゃんについていく
ちぇにあわん暴れ者で、言い聞かすのが難しい,手に負えない暴れ者で、言い聞かすのが難しい
気候がようなったが、ちかっとやるかえ？,気候が良くなったから、ちょっと一杯やるかい？
このところの厚さは、ちがわん異常気象で,このところの暑さは、間違いなく異常気象だ
それは方言ちこ,それは方言だってば
ちこんきでレコードを聴いていたのが懐かしいのお,蓄音機でレコードを聴いていたのが懐かしいなあ
シャツを一回洗濯しただけじちぢくる,シャツを一回しただけで縮む
今度おうたらちちまわす,今度会ったらぶん殴る
ちったあ考えちょくれ,少しは考えてくれ
そのようかんをちっとほず味見させちょくれ,そのようかんを少しばかり味見させてくれ
ちびっとでも酒を飲んだら、車の運転は禁止で,少しでも酒を飲んだら、車の運転は禁止だ
また、ちゃあらん遊びを覚えてきちから,また、つまらん遊びを覚えてきてから
もうちゃんがらじゃ,もう使い古して役立たずだ
ちゅうかんはりの癖は、還暦になってもなおらんのお,おどけたことをする癖は、還暦になってもなおらんなあ
今晩のテレビドラマは、ちゅうくれじゃったなあ,今晩のテレビドラマは、中ぐらいだったなあ
あんまり褒められたもんで、ちゅうろくてんになった,あんまり褒められたもので、有頂天になった
仕事を始めても、痩せ馬のちょいとばりきじゃ,仕事を始めても、痩せ馬の最初だけの元気だ
うちの子犬は、ちょいとんじっともしちょらん,うちの子犬は、ちっともじっとしていない
似顔絵を描いちゃるけん、ちょうけえ,似顔絵を描いてあげるから、ちょっと来い
選挙の前にだけ、ちょｙしんかわ言うしがおる,選挙の前だけ、調子のよい言葉を言う人がいる
ちょうずいいところにきた、加勢しちょくれ,丁度良いところにきた、加勢してくれ
町内の会議に出られんかったけん、祭りに参加してちょうめをけした,町内の会議に出られなかったから、祭りに参加して帳消しにした
隣のじいちゃんは、ちょっきし100歳じゃ,隣のじいちゃんは、ちょうど100歳だ
駅でまっちょく,駅で待っておく
焼いた魚にちょびっとカボスを絞ると、うめえ,焼いた魚にちょっとカボスを絞ると、うまい
あんしは、もう電車に乗っちょるころや,あの人は、もう電車に乗っているころだ
俺を笑ったやつは今にみちょれ,俺を笑ったやつは今にみておれ
手を洗いたいが、ちょんだらいが見つからん,手を洗いたいが、洗面器が見つからない
またそげなちんめえこと言うちから,またそんな小さいこと言ってから
そんスリッパは誰んつや,そのスリッパは誰のだ
いいつは持っちょらんのやわ,いいのは持ってないんだわ
傷の上につうができち、それが乾いた,傷の上にかさぶたができて、それが乾いた
ばあちゃんの家につうじいく,ばあちゃんの家に走っていく
急ぎの用事でつうだらだった,急ぎの用事で走ったら疲れた
ネット通販につかっちょる,ネット通販に入り浸っている
つきむき忠告するんは勇気が要るで,正面切って忠告するのは勇気が要るよ
あんまりこめえことまでつくじりよると、話が前に進まんので,あんまり小さいことまでほじくると、話が前に進まないので
階段でつくなむのはやめちょくれ,階段でしゃがむのはやめてくれ
何事もそげえつごゆういかんもんで,何事もそんなに都合良くいかんものだ
穴からつちぶうを釣り上げよったもんじゃ,あなからセミの幼虫を釣り上げていたもんだ
人が梅干を食べよるのを見てつづが出た,人が梅干を食べているのを見てつばが出た
マラソンの最後3キロはつついっぱいじゃった,マラソンの最後3キロは精一杯だった
電話はせんまま、つっかけいくで,電話はしないまま、いきなりいくよ
世の中にはつっからつぎニュースがある,世の中には次から次にニュースがある
豆腐をつっくずして、白和えを作った,豆腐を突き崩して、白和えを作った
あんしは、つっこするごたあっても挨拶せん,あの人は、擦れ違うようにあっても挨拶しない
高級なスーツほど、虫が好んでつづるような気がする,高級なスーツほど、虫が好んで虫食いになるような気がする
母ちゃんは風呂上り、つぶしにクリームを塗る,母ちゃんは風呂上り、ひざにクリームを塗る
子猫と遊ぶと、つめくじたつるので困る,子猫と遊ぶと、爪痕をつけるから困る
猫の子を貰ったんやけど、つらぐせが悪い,猫の子を貰ったんだけど、顔つきが悪い
軒下に玉ねぎをつらくるのは、なぜじゃろう,軒下に玉ねぎを吊り下げるのは、なぜだろう
ついらづいいのも、てえげえにしちょきよえ,厚かましいのも、大概にしておけよ
つらびがもゆる,赤面する
うちの孫は、人が来るとつりあがる,うちの孫は、人が来ると調子に乗る
難しい本を読みよったら、つるっとした,難しい本を読んでいたら、居眠りした
雨の日は、子どもを駅までつれえいく,雨の日は、子どもを駅まで連れていく
女房とつんのうち、子どもの運動会を見に行った,女房と連れ立って、子どもの運動会を見に行った
子どもが風呂に入らん時は、服をつんむく,子どもが風呂に入らない時は服をひんむく
そげなてえげえなこつしよって、いいんかえ？,そんな大概なことしよって、いいんかい？
歩きたばこは、てえげじゃろうざい,歩きたばこは大概にしなさい
わしは今頃になっち、人生に迷いでえた,わしは今頃になって、人生に迷い始めた
てえてえになった美しい棚田で稲が実る,段々になった美しい棚田で稲が実る
近ごろ、でえぶん秋らしゅうなった,近ごろ、だいぶん秋らしくなった
歳をとるとこれぐらいのこともできらん,歳をとるとこれぐらいのこともできない
高菜漬けを、てくぼに乗せて食べた,高菜漬けを、掌のくぼみに乗せて食べた
でけもんは失恋の痛手に似て、いつか消える,できものは失恋の痛手に似て、いつか消える
財源がないから、、マニフェストどおりにはでけん,財源がないから、マニフェストどおりにはできない
明日の引っ越しに、てごは要らんかえ？,明日の引っ越しに、手伝いは要らないかい？
肉は、てっきゅうと炭火で焼くと美味しい,肉は、金網と炭火で約十美味しい
母ちゃんは日焼け防止に、てぬきを愛用する,母ちゃんは日焼け防止に、指ぬき手袋を愛用する
汗を拭くので、てのごいをなげちくりい,汗を拭くので、手拭いを投げてくれえ
うちん母ちゃんは、怒り出したらてはつかん,うちの母ちゃんは、怒り出したら手が付けられない
土を運ぶときは、てぼに棒を通して2人で担ぐ,土を運ぶときは、手提げかごに棒を通して2人で担ぐ
父ちゃんのおでぼちんが最近広くなったごたる,父ちゃんのおでこが最近広くなったようだ
てめえがいい子は、一輪車に乗るのも早い,手並みが良い子は、一輪車に乗るのも早い
彼はいったん仕事を引きうけると、てめえはみせん,彼はいったん仕事を引き受けると、手の内は見せない
与党案に、野党がてめしで協力するはずがねえ,与党案に、野党が手弁当で協力するはずがない
隣のおいさんは市役所にでよる,隣のおじさんは市役所に勤務している
午後から断水で、水が出らんなるらしい,午後から断水で、水が出なくなるらしい
てれっとせんじ、はよ着替えち学校行かな,ぐずぐずしないで、早く着替えて学校行かないと
あんしは、やることがいっつも、てれんぱらんじゃ,あの人は、やることがいつも、ちゃらんぽらんだ
でん、僕だけがおやつもろうちょらんので,でも、僕だけがおやつ貰っていないのだ
ハワイの海岸では、老若男女がてんかんぼししよった,ハワイの海岸では、老若男女が日光浴していた
空が晴れ渡っち、遠くのてんこつじまで見ゆる,空が晴れ渡って、遠くの山頂まで見える
暖かいので、てんじょうはりかえに行こう,暖かいので、散髪に行こう
ダイエットは、てんしょむしょ歩けばいいちゅうもんやないらしい,ダイエットはめちゃくちゃ歩けばいいといものではないらしい
北方領土は四島でんぶ返して当たり前で,北方領土は四島全部返して当たり前だ
娘の背が、もうすぐ母ちゃんにとう,娘の背が、もうすぐ母ちゃんに届く
手がとわん,手が届かない
おいどうは、おまえどうと気が合う,俺たちは、おまえたちと気が合う
とうがきは、色がついてから甘くなる,いちじくは、色がついてから甘くなる
最近のとうきびには、生で食べられるのがある,最近のとうもろこしには、生で食べられるものがある
どうきんがけした後は気持ちがいい,ぞうきんがけした後は気持ちがいい
もう入学金納めたに、大学行かんちゃ、どうくっちょらせんな,もう入学金納めたのに、大学行かないとは、ふざけてないだろうな
わしゃ、とうこつ言うけど、やるときはやるで,わしは、無責任に言うけど、やるときはやるよ
母ちゃんは、とうし小言をいいよる,母ちゃんは、しょっちゅう小言を言っている
あんだけ世話になっちょるしに、どうしちそげなこつが言えるんな,あれだけ世話になっている人に、どうしてそんなことが言えるんだ
どうじんぼしのはらわたが好きじゃ,イワシの丸干しのはらわたが好きだ
梅雨が明けたらセミが鳴きだして、とうてん夏らしゅうなった,梅雨が明けたらセミが鳴きだして、とっても夏らしくなった
どうでん、あんしのことをすいちょるごたるで,どうも、あの人のことを好いているようだよ
金は、どうでんこうでん明日までに返せとかいいよらせんので,金は、どうでもこうでも明日までに返せとかいってはいないから
駅前の大友宗麟のどうどうの下でまっちょるで,駅前の大友宗麟の銅像の下で待っているよ
長旅には、どうしてんどうようが掛かる,長旅には、どうしても雑費がかかる
小学生になったら、とぎが100人でけるかな,小学生になったら、友達が100人できるかな
朝早くから、どきいくんかえ？,朝早くから、どこいくのかい？
試験には、とぎった鉛筆をたくさん持って行こう,試験には、とんがった鉛筆をたくさん持って行こう
津波が来たら、どげえ逃げるか家族で相談する,津波が来たら、どのように逃げるか家族で相談する
おいさんの風邪の具合はどげかえ？,おじさんの風邪の具合はどうかい？
席順はどげでんいい、早くバスに乗っちょくれ,席順はどうでもいい、早くバスに乗ってくれ
近ごろ、景気はどげな,近ごろ、景気はどうだ
早く就職が決まらんと、どげんこげんならん,早く就職が決まらないと、どうもこうもならない
今日はまたいい服きちから、どこいきな,今日はまたいい服着てから、どこいくの
入試で、どしこ点が取れるかは努力次第で,入試で、どれだけ点が取れるかは努力次第だ
政治は、どしのいきじゃと言うしもおる,政治は、多人数の勢いだと言う人もいる
田んぼにとしゃくが出来ちょるんを見ると、秋の深まりを感じる,田んぼにわらこずみが出来ているのを見ると、秋の深まりを感じる
としよりそこのうちょる,年寄りになり損なっている
こん漫画はどじれん,この漫画はつまらない
銭湯や駅のロッカーは、今でもとせんじゃ,銭湯や駅のロッカーは今でも落とし込み式の鍵だ
どだいこだい見ちゃおれん,どうにもこうにも見ていられない
とちけむねえ大津波がきちしもうたもんじゃ,途方もない大津波が来てしまったもんだ
とっと好かん,とっても好かん
とっとダメ,全くダメ
とっと先ん方,ずっと先の方
裏の小川は大雨が降ると、水がどっとん流れる,裏の小川は大雨が降ると、水がどんどん流れる
畑にUFOが落ちたとかとっぱごろ言うなえ,畑にUFOが落ちたとか、大嘘言うなよ
鶴見岳のとっぺんまで霧氷を見にいっち来た,鶴見岳のてっぺんまで霧氷を見に行ってきた
もう少しでとっぽけんや、頑張ろう,もう少しでてっぺんだ、頑張ろう
大けな犬に吠えられち、ととつねんぼうした,大きな犬に吠えられて、驚いた
自転車ごと川にどばんしこんだが、無傷じゃった,自転車ごと川にダイブしたが、無傷だった
雨上がりに、車にとばしりをかけられた,雨上がりに、車にとばっちりをかけられた
小学校一年の運動会からずうっと、とびくらごは一等賞じゃった,小学校一年の運動会からずっと、徒競走は一等賞だった
うちの子は、計算は遅いが、とぶのは速い,うちのこは、計算は遅いが、走るのは速い
どんこを釣ろうち思うち、近くの川にどぶる,どんこを釣ろうと思って、近くの川に入って歩く
わしは、運動会の徒競走では、いっつもどべじゃった,わしは、運動会の徒競走では、いつもビリだった
テレビどま見よ,テレビでも見よ
隣あての郵便が、どまぐれち、うちに届いた,隣あての郵便が、間違って、うちに届いた
けんかと水道の水は、なるべく早くとみい,けんかと水道の水は、なるべく早く止めろ
僕の成績は、どんどん下どりいく,僕の成績は、どんどん下の方へ行く
息子の見合いは、どれんこれんうまくいかん,息子の見合いは、どれもこれもうまくいかない
あんた、ようそげなとわず考えつくなあ,あんた、よくそんなデタラメ考えつくなあ
こげえ残暑が続くと、どんこんならん,こんなに残暑が続くと、どうにもこうにもならない
正月に着る、とんとんべべを用意しちょるで,正月に着る、晴れ着を用意しているよ
どんのくびを冷やすと気持ちいい,うなじを冷やすと気持ちいい
次の五輪でメダルの数がとんぼうつと嬉しい,次の五輪でメダルの数が2倍になると嬉しい
口コミで、とんぼらとんぼら客が集まり始めた,口コミで、ぽつんぽつんと客が集まり始めた
明日から修学旅行じゃけん、もう寝ない,明日から修学旅行だから、もう寝なさい
景気がようなるのに越したことがねえが、なえ,景気が良くなるのに越したことがないけど、なあ
なえが起きたら、安全確保が第一じゃ,地震が起きたら、安全確保が第一だ
使ったら、元のところになおしよえ,使ったら、元のところにしまいなさい
海岸で、釣った魚をなぐれねこにとられた,海岸で、釣った魚を野良猫にとられた
休日にはビールを飲んで、なごうなる,休日にはビールを飲んで、横になる
長い間、大相撲に日本人横綱が現れんのは、なしか,長い間、大相撲に日本人横綱が現れないのは、なぜだ
歳をとったら、大なり小なりなじるるもんじゃ,歳をとったら、大なり小なり体が衰えるもんだ
猫は、あごの下をなずるを喜ぶ,猫は、あごの下をなでると喜ぶ
地球温暖化のせいか、近ごろのなたちい,地球温暖化のせいか、近ごろの夏は暑い
なにえ、試験に合格したちえ,なんだって、試験に合格したって
増税する前に、身を切る努力はなぬうしたかえ？,増税する前に、身を切る努力は何をしたかい？
昼から降るなの言いよったが、晴れちよかったわ,昼から降るとか言ってたけど、晴れてよかったわ
なばになっちょる,元気がない状態になっている
隣のおいさんは、孫をなむるごとかわいがる,隣のおいさんは、孫をなめるようにかわいがる
うちのじいちゃんはサイズをみらんなりシャツを買う,うちのじいちゃんはサイズを見ないままシャツを買う
記念写真を撮るけん、なろうじょくれ,記念写真を撮るから、並んでくれ
なんいよんの、あんたがこっちがいいち言うたやねえな,何言ってるの、あんたがこっちがいいって言ったじゃないか
塀になんかかっち、夕日を見ちょった,塀に寄りかかって、夕日を見ていた
そげな難題をなんかくるけん、悩みが増えたで,そんな難題を投げかけるから、悩みが増えたよ
なんかなし、高校を受験しよち母ちゃんが言う,とにかく、高校を受験しよと母ちゃんが言う
なんじゃかんじゃ言い訳んじょうで、なんぎなやっちゃ,なんだかんだ言い訳ばかりで、情けない奴だ
柔道で、小せえもんが大きいもんをなんくりかやすところを見てえ,柔道で、小さい人が大きい人をひっくり返すところを見たい
なんげなし見ていたテレビに、母ちゃんが映っちょった,何気なく見ていたテレビに、母ちゃんが映っていた
名水をくむ池にコインをなんこんだらいけん,名水をくむ池にコインを投げ込んだらいけない
温泉に来て湯に入らんちゃ、あんたなんしい来たんな,温泉に来て湯に入らないとは、あんた何しに来たんだ
あんしとあんしは、いとこ同士なんち,あの人とあの人は、いとこ同士なんだって
なんちえ、あん女優があんたんいとこちえ,なんて、あの女優があんたのいとこって
カーナビで探していったけど、なんちゃねえ店やった,カーナビで探していったけど、なんでもない店だった
なんちゅうてん、秋はスポーツじゃと思う,なんといっても、秋はスポーツだと思う
やる気があれば、なんでんでくる,やる気があれば、なんでもできる
井戸からなんとんしれんのが出ちきち、皿をかぞゆるんと,井戸からなんとも分からないものが出てきて、皿を数えるんだって
あんときのあんしの態度、ありゃなんな,あのときのあの人の態度、あれはなんだ
なんどなんでん、そりゃあ無理じゃわ,いくら何でも、それは無理だわ
傘持っち行けち言うたにい、持っちいかんじ、ずぶ濡れや,傘持って行けって言ったのに、持って行かないで、ずぶ濡れだ
隣の娘が成人式で、振袖がにおうちょる,隣の娘が成人式で、振袖が似合っている
鬼が来たぞ、急いでにぎい,鬼が来たぞ、急いで逃げろ
なんぼにくせえちゅうてん、わが子じゃねえか,いくら憎らしいといっても、わが子じゃないか
昔から、良薬は口ににげえち、言うなあ,昔から良薬は口に苦いって、言うなあ
飲んで帰った翌朝は女房に、のごじゅうじゃ,飲んで帰った翌朝は女房に、降伏だ
冷房の効きすぎで、頭がにしにしする,冷房の効きすぎで、頭がズキズキする
にしょっこうと電池を使って、理科の実験だ,豆電球と電池を使って、理科の実験だ
にびいなあ、気づかんのかえ？あんしはあんたが好きなんで,鈍いなあ、気づかないのかい？あの人はあんたが好きあんだよ
嫁さんぬもらう,嫁さんを貰う
缶ぬ開くる,缶を開ける
ペンぬ執る,ペンを執る
忘年会でしこたまぬうじ、今朝は体がだるい,忘年会でしこたま飲んで、今朝は体がだるい
新幹線は、景色はいいが、ぬきが多かった,新幹線は、景色がいいが、トンネルが多かった
ぬきい部屋じ、テレビをみよう,温い部屋で、テレビを見よう
急いで服を着たら、ぬしとえりになっちょった,急いで服を着たら、折れていない襟になっていた
酒の席では、ぬれのふりをするのも大切なことかもしれん,酒の席では、間抜けのふりをするのも大切なことかもしれない
うちん犬はとうちゃんから飯もろうちょって、ぬれっと母ちゃんからも貰った,うちの犬は父ちゃんから飯を貰っていて、しれっと母ちゃんからも貰った
父ちゃんが、ねえこちわたしの料理をほめた,父ちゃんが、いつになく私の料理をほめた
彼女が俺を好いちょるなんか、ねえちゃ,彼女が俺を好いているなんか、ないって
日照りが続くと、貯水池の水がねえなる,日照りが続くと、貯水池の水がなくなる
隣のねえねえは、近ごろ美しゅうなった,隣のお姉さんは、近ごろ美しくなった
指輪を無くして、ねえもんさがしの毎日です,指輪を無くして、ないもの探しの毎日です
木のねきにある花に水をやっちくりい,木のそばにある花に水をやってくれ
ねき餌やったかえ？さっきから鳴きよるが,ネコに餌をやったかい？さっきから鳴いてるけど
父ちゃんは、風邪をひいてねくうじょる,父ちゃんは、風邪をひいて寝込んでいる
今更なあにねくじ言いよるんか、もう決まったこつぞ,今更なに寝ぼけた文句を言っているのか、もう決まったことだぞ
妹はわしと違って、ねじがいっちょる,妹はわしと違って、しっかりしている
うちの子は何でも手に入れるまで、ねじきい,うちの子は何でも手に入れるまで、ねちっこい
ねたがわすと首が回らんごとなって、せちいで,寝違えると首が回らなくなって、つらいよ
ねちい性格の奴だけが、最後まで残った,ねちっこい性格の奴だけが、最後まで残った
いつまでんしゃべっちょらんで、もうねない,いつまでもしゃべってないで、もう寝なさい
テレビの前で寝てしもうた、ベッドでねなおるか,テレビの前で寝てしまった、ベッドで寝なおすか
釣り糸をほどくのは、ねねしい人が向いちょる,釣り糸をほどくのは、粘り強い人が向いている
国会中継を見よると、だいたいねぶりかぶる,国会中継を見ていると、だいたい眠り込んでしまう
あんしは、ねぶりつくるのがうまい,あの人は人に取り入るのがうまい
母ちゃんがねらむと、わしはすくむ,母ちゃんが睨むと、わしはすくむ
親に説教するとは、ねんごくせえ,親に説教するとは、生意気だ
あんしは、議員をのいちから人間がまるうなった,あの人は、議員を退いてから人間が丸くなった
電気代もガソリン代も上がって、のうがわりい,電気代もガソリン代も上がって、頭が痛い
酒好きに一升瓶ごと渡したが、のうじがねえ,酒好きに一升瓶ごと渡したけど、長持ちしない
花冷えの次は、のうしろがんじゃ,花冷えの次は、寒の戻りだ
イネは、のうとこで育ててから田に植える,イネは、苗床で育ててから田に植える
ボールペンは、なぜかいつも、のうならかす,ボールペンはなぜかいつも、無くす
友達がのうなると寂しかろうが、元気出しち,友達が亡くなると寂しいだろうけど、元気出して
のうよい、俺と一緒に母ちゃんに謝っちくれんかやあ,なあおい、俺と一緒に母ちゃんに謝ってくれんかなあ
試合には負けたが、涙をのごうちまた練習開始だ,試合には負けたが、涙をぬぐってまた練習開始だ
こんしと結婚するごと、のさっちょったんじゃわあ,この人と結婚するように、運命づけられてたんだわ
孫も口さかしゅうなって、じじばばじゃのさんで,孫も口さかしくなって、じじばばじゃ手に負えないよ
今晩は母親の手料理で、のしとする,今晩は母親の手料理で、満腹になる
長距離走で、のっきから飛ばしたけん疲れた,長距離走で、のっけから飛ばしたから疲れた
のったりそったりせんで、はようご飯食べよ,だらしなく過ごさないで、早くご飯食べて
そろそろ、ののこが恋しい季節になった,そろそろ、綿入れが恋しい季節になった
態度はのふどうでも、心根は優しい,態度は無作法でも、心根は優しい
今晩は近くの居酒屋で、のみかたじゃ,今晩は近くの居酒屋で、酒宴だ
お前とは中学校からの付き合いじゃ、のや,お前とは中学校からの付き合いだ、そうだよな
兄ちゃんは、去年からだいぶん背がのんだ,兄ちゃんは、去年からだいぶ背が伸びた
うちん父ちゃんな、花見の時期になると、のんぼりくんだりして落ち着かん,うちの父ちゃんは、花見の時期になると、行ったり来たりして落ち着かない
昔も今も、子を守るときのはあじょは強い,今も昔も、子を守るときの母親は強い
はい起きち、はい食べな、会社に遅るで,早く起きて、早く食べな、会社に遅れるよ
大型台風ばい、出歩いちゃいかんばい,大型台風だぞ、出歩いちゃいかんよ
風呂の水をはえるのは、子どもの担当じゃ,風呂の水を排水するのは、子どもの担当だ
冬に備えて薪を割り、軒下にはえる,冬に備えて薪を割り、軒下に積む
期待しちょった選手がこけると、はがいいで,期待してた選手がこけると、はがゆいよ
ばく言いよると、また嫁に逃げらるるぞ,ばか言ってると、また嫁に逃げられるぞ
選挙が終わったらあいさつせん、ばけしちょる,選挙が終わったらあいさつしない、ばかにしている
あんしは、ばけつんがにじゃ,あの人は、うるさい人だ
大けなタイを釣り落として、はげらしい,大きなタイを釣り落として、悔しい
今度のテストは、ばされえいい点じゃった,今度のテストは、すごくいい点だった
一見、はじかいんのごたる性格じゃけど、根はやさしいんで,一見、狂犬のような性格だけど、根はやさしいんよ
稲刈りを手伝ったら、背中が、はじけえ,稲刈りを手伝ったら、背中が、かゆい
あんしはなんで、はたかっち歩くんじゃろ,あの人はなんで、手足を広げて歩くんだろう
正月早々試験があって、ばたぐるうた,正月早々試験があって、じたばたした
鉄人レースに出たら、ばちくりあがった,鉄人レースに出たら、疲労困憊した
アルミ缶は、ばちくりあわすと後の始末が簡単で,アルミ缶は、叩き潰すと青の始末が簡単だ
環境破壊をやめんと、人はばちゅうかぶるで,環境破壊をやめないと、人は罰が当たるよ
風邪を引いたせいか、頭がはちわるるごと痛い,風邪を引いたせいか、頭が割れるように痛い
ぱっちんで戦国武将の名前を覚えた,めんこで戦国武将の名前を覚えた
口の周りに、はってえんこがちいちょるで,口の周りに、はったいの粉がついているよ
ばあちゃんが作ったぽっぽじゃ、まだあちいで,ばあちゃんが作った蒸し饅頭だ、まだあついよ
うちの母ちゃんは、飲んじ帰っただけじ父ちゃんをはつる,うちの母ちゃんは、飲んで帰っただけで父ちゃんをはたく
がけのはなとから見たら、緑の谷が広がっちょった,がけの端から見たら、緑の谷が広がっていた
気候のせいか、はなんすが乾いて息がしにきい,気候のせいか、鼻の穴が乾いて息がしにくい
かかの誕生日じゃけん、はのうこうち帰ろうっと,母の誕生日だから、花を買って帰ろうっと
台風一過、今朝の太陽は、ばばいい,台風一過、今朝の太陽は、まばゆい
あんしに頼んでも、物事はなあんもはばけんで,あの人に頼んでも、物事は何もさばけないよ
あんしは運動会になると、はばしい,あの人は運動会になると、激しい
あんしと付き合うには、ばばをあくるがいいで,あの人と付き合うには、距離を置くのがいいよ
隣のおいさんは、たまに、たぶたかやす,隣のおいさんは、たまに、激怒する
何事も、はまっちすることでいい結果が出る,何事も、ハマって行うことでいい結果が出る
稲刈りではりこむ,稲刈りで精を出す
お客さんの来る前に玄関をはわいちょいて,お客さんが来る前に玄関を掃いてて
明日のばんげ、寄合があるで,明日の晩方、寄合があるよ
けんかのあと仲直りはしたが、はんごがわりい,けんかのあと仲直りはしたけど、ばつが悪い
学校から帰って飲む、はんどの水はうまかった,学校から帰って飲む、水がめの水はうまかった
わしとこの家には、びいが二人じゃ,わしとこの家には、女の子が二人だ
子どもの頃、びいろんとたこ揚げの名人じゃった,子どもの頃、ビー玉とたこ揚げの名人だった
曲がり角から急に車が出てきたので、ひえた,曲がり角から急に車が出てきたので、びっくりした
ひかりをやろうえ,飲食会をやろうよ
父ちゃんは酔うち帰っち、びきんごたる格好で母ちゃんに謝った,父ちゃんは酔って帰って、カエルのような格好で謝った
あんしは腰がひきいけん、悪うは言われん,あの人は腰が低いから、悪くは言えない
ひきつりひっぱりに助けられることもあれば、足を引っ張られることもある,人間関係に助けられることもあれば、足を引っ張られることもある
ひくりを止めるには、急に驚かすといいち,しゃっくりを止めるには、急に驚かすといいって
結婚式で、ウェディングドレスをひこじる,結婚式で、ウェディングドレスを引きずる
草刈りしよったら虫に刺されてひじい目におうた,草刈りしてたら虫に刺されて酷い目にあった
ひそう会ってなかったが、元気にしちょったな,久しく会ってなかったけど、元気にしていたな
今日は生活習慣病検診で朝飯を抜いたけん、ひだりい,今日は生活習慣病検診で朝飯を抜いたから、ひもじい
こん夏ミカンはどこで取れたんな、びっすいい,この夏ミカンはどこでとれたんだ、酸っぱい
食べ終わった皿を何日も洗わんとは、びったれじゃ,食べ終わった皿を何日も洗わないとは、だらしがない
昼は、びっちょを食べようと思うちょる,昼は、うどんを食べようと思ってる
運動会では、ひっぺぎ敷いて場所取りじゃ,運動会では、ござ敷いて場所取りだ
昼食後、ひとかたうつと体調がいい,昼食後、一眠りすると体調がいい
久しぶりの里帰りじゃ、ひとよさ泊まりよ,久しぶりの里帰りじゃ、一晩泊まりなよ
黄色い線の内側までひどってください,黄色い線の内側まで下がってください
違法操業する漁船は、ひねくりあぎい,違法操業する漁船は、ひねりあげろ
炭火でひばかしたアユは味が濃くなって、特にうまいなあ,炭火で焼いたアユは味が濃くなって、特にうまいなあ
孫をびびんこして歩く,孫を肩車して歩く
雨が降らんで、ため池がひやがると農家が困る,雨が降らなくて、ため池が干上がると農家が困る
宴会の幹事は、ひゅうがさんにょうぐらいが丁度いい,宴会の幹事は、大まかな計算くらいが丁度いい
わしゃ、ひゆうとりに出ち頑張っちょるんで,わしゃ、日銭稼ぎに出て頑張ってるんだ
うちの家系には、ひょうげもんが多い,うちの家系には、おどけ者が多い
消費税をひょくっと上げるけんなあ、ショックが大きいわ,消費税を突然に上げるからなあ、ショックが大きいわ
そらまたひょくなことで、ご心配でしょう,それはまた突然のことで、ご心配でしょう
ガスや電気のコンロには、ひよこしは要らん,ガスや電気のコンロには、火おこしは要らない
若いもんがみんなびんすというわけではない,若い者がみんなひ弱というわけではない
ひらくちで言うちくるると、分かりやすいじゃがのう,かしこまらずに言ってくれると、分かりやすいんだけどなあ
沖に出てから見ると、宇佐平野はひらくてえ,沖に出てから見ると、宇佐平野は平たい
父ちゃんは都合が悪いと、すぐひらくとなる,父ちゃんは都合が悪いと、すぐ開き直る
昨日歩きすぎて、ひるめしぶくろが痛い,昨日歩きすぎて、ふくらはぎが痛い
うちの子は部活から帰ると、ひろつく,うちの子は部活から帰ると、空腹で落ち着かない
あんしは金持ちじゃあに、いっつもひろひろしちょる,あの人は金持ちなのに、いつも物欲しそうにしている
春は祝い事が多くて、家計がひわるる,春は祝い事が多くて、家計が干割れる
節電もいいが暗くて見えん、ひをつきい,節電もいいけど暗くて見えない、明かりをつけろ
日の当たる縁側で、ひんがないちにち本を読む,日の当たる縁側で、日がな一日本を読む
車に傷がついたまま走るのは、ひんがわりい,車に傷がついたまま走るのは、品格が悪い
水なしで、錠剤をひんのむ,水なしで、錠剤を勢いよく飲む
あんた、びんぼうぶるいの癖はやめちょくれ,あんた、貧乏ゆすりの癖はやめてくれ
昨日までの大雨が上がって、ふがよかった,昨日までの大雨が上がって、運がよかった
最近は空き缶をふいつる人が減ったでなあ,先んは空き缶を捨てる人が減ったよなあ
テストの点が悪くて、母ちゃんはふうが悪い,テストの点が悪くて、母ちゃんの風体が悪い
農地は手を入れないと、すぐにぶうすろんごとなる,農地は手を入れないと、すぐにやぶのようになる
わくどの歩き方は、ふうたらぬりい,悪童の歩き方は、遅い
話しながら握り飯をふうばるのは品がない,話しながら握り飯をほおばるのは品がない
隣は、ふうふづりいカラオケ教室に通いよる,隣は、夫婦ともにカラオケ教室に通っている
冷蔵庫のない昔は、ぶえんもんは貴重じゃった,冷蔵庫のない昔は、生の魚は貴重だった
キャンプの炊事当番で、ふきたてに苦労した,キャンプの炊事当番で、焚きつけに苦労した
ニワトリが卵を温めるときは、ふくだむ,ニワトリが卵を温めるときは、はらばう
食べ過ぎてふくましいから、夜は抜いた,食べ過ぎておなかが重いから、夜は抜いた
ふげとれじゃけん、大抵のもんは食うで,食いしん坊だから、大抵のものは食べるよ
飲み会で毎晩遅いち、妻がぶすけえちょる,飲み会で毎晩遅いと、妻がふくれっ面をしている
あんたはここでふすぼるような人やないで,あんたはここでくすぶるような人ではないよ
うちん父ちゃんは、ふせくりのじょう言う,うちの父ちゃんは、不平ばかり言う
うちんばあちゃんは、ふつ餅が大好きじゃ,うちのばあちゃんは、ヨモギ餅が大好きだ
そげなふてえこつ言いよって、大丈夫かえ？,そんな大きなことを言って、大丈夫かい？
夕方はブトが多いけん、刺されんごとせな,夕方はブユが多いから、刺されないようにしないと
雨が降っち三日みらん間にスイカがふとっちょる,雨が降って三日見ない間にスイカが成長している
父ちゃんは、母ちゃんの一言で、ふにゃっとなる,父ちゃんは、母ちゃんの一言で、しょげる
乾かした洗濯物をふみたくじって歩くなえ,乾かした洗濯物をふみにじって歩くなよ
釣り船に渡る板が、ぶよんぶよんしちょる,釣り船に渡る板が、ぶよぶよしている
日本の外交姿勢はどうも、ふらふうけで,日本の外交姿勢はどうも、ふらふらしている
寒い晩は寝る前に、ふりいへえるんじゃ,寒い晩は寝る前に、風呂に入るんだ
わしゃ、あんしがふるふる好かんのじゃわ,わしは、あの人が甚だしく好かないんだ
あんたはまあ、こげなへえがら年賀状書くかえ？,あんたはまあ、こんな早くから年賀状書くかい？
梅雨が明けたら屋根の瓦をへえじ、新しくする,梅雨が明けたら屋根の瓦をはいで、新しくする
そげな、へがもうたような話をするな,そんな、つまらない話をするな
へこかえじゃ,親友だ
そっちべたはぬかるんじょるけん、こっちべた歩きよ,そっち側はぬかるんでいるから、こっち側を歩きよ
磯に小さな巻貝がべたべったりじゃ,磯に小さな巻貝がべったりだ
あんしの話はいつもへたらなげえ,あの人の話はいつもいたずらに長い
広い畑でゴボウ掘りすると、へたれる,広い畑でゴボウ掘りすると、疲れる
高速道路をへち行くと大事故につながる,高速道路を反対方向に行くと大事故につながる
子どもから説教さるるとは、へっちこっちじゃ,子どもから説教されるとは、あべこべだ
急な大雨で、傘がなくて、べっちゅう目に遭った,急な大雨で、傘がなくて、酷い目に遭った
いたずらメールには、へつらわんことじゃ,いたずらメールには、へつらわないことだ
朝のゴミ出しぐらいなら、へでんね,朝のゴミ出しぐらいならへでもない
若いころ、へのじゅうじゃったが学者になった,若いころ、変人だった人が学者になった
あんしの話は、へのつっぱりにもならん,あの人の話は、何の役にも立たない
この辺りには、へべが多いから注意しちょくれ,この辺りには、ヒビが多いから注意しておいてくれ
高速道路は、へもどられんので,高速道路は、戻られないよ
あんしが、へもへちくれんこつ言うんで、会議が長うなった,あの人が、つまらないこと言うから、会議が長くなった
以前は大連立の誘いに、へもへりかけんかった,以前は大連立の誘いに、取り合わなかった
へよ,嫌なこった
釣りに行くなら、へらのおいさんにも声かきい,釣りに行くなら、へりのおいさんにも声をかけろ
あんしの意見は、しょっちゅうべらぐりがやる,あの人の意見は、しょっちゅうひっくり返る
今年は、へらへえと経済が回復することを祈る,今年は、段々と経済が回復することを祈る
こげえべら負けすると、かえって気持ちがいい,こんなにぼろ負けすると、帰って気持ちがいい
大政党の幹部が市長に、べらやぐ,大政党の幹部が市長に、お世辞を言う
適当にへらをうつと、後で話が合わなくなるで,適当に話を合わせると、後で話が合わなくなるよ
そげな無理を聞かるるか、へをかめ,そんな無理を聞けるか、嫌なこった
ほいたら、あの話しはどうなったんかえ？,それなら、あの話はどうなったのかい？
夕飯食うち、ほいちから風呂じゃ,夕飯食べて、それから風呂だ
うちん子は勉強もせんでゲームにぼうぜちょる,うちの子は勉強もしないでゲームに熱中する
この魚は、ほうたれち,この魚は、カタクチイワシだって
じいちゃんは、選挙の投票だけはほうちでんいくんと,じいちゃんは、選挙の投票だけは、這ってでも行くんだって
あんしは、いっつもほうやく言うんあ,あの人は、いつもいい加減な話を言うんだ
ほうよのう,そうだよなあ
通学途中に、高いほきがある,通学途中に、高い崖がある
川にホタルを増やす作戦が、去年はぼくした,川にホタルを増やす作戦が、去年は失敗した
別府の駅前じ、母ちゃんにぼくとおうた,別府の駅前で、母ちゃんに突然あった
あんしはイノシシをぼくとぎれで追い払った,あの人はいのししを棒切れで追い払った
散歩から帰った犬から、ほけが立っちょる,散歩から帰った犬から、湯気が立っている
父ちゃんがほげほっぽするけん、母ちゃんがほっけちょんのじゃろうなあ,父ちゃんがむちゃくちゃするから、母ちゃんが呆れてるのだろうなあ
隣町に通じるトンネルが、もうすぐほげるで,隣町に通じるトンネルが、もうする通るよ
旅行の土産はカバンにぼしこんで宅配便で送る,旅行の土産はカバンに押し込んで宅配便で送る
約束は、ほたぐりかやすもんじゃねえで,約束は、放っておくものじゃないよ
タバコをほたるのはマナー以前の問題で,タバコを放り捨てるのはマナー以前の問題だ
株を始めたが、ほたを拾うのはそうそうあることじゃねえな,株を始めたが、大物を拾うのはそうそうあることじゃねえな
消費税の増税で、ほところは一層寂しくなる,消費税の増税で、懐は一層寂しくなる
パンプキンスープちゃ、材料はぼぶらでなあ,パンプキンスープって材料はかぼちゃだよな
見合いしたけど、あまりほめかん,見合いしたけど、あまり乗り気にならない
うちがたんほやは、LEDじゃ,うちの家の電球は、LEDだ
ほら見よ、ほらきおちたろうが,ほら見よ、転がり落ちたろうが
リレーのアンカーでほらけたが、恥ずかしかったでえ,リレーのアンカーで転んだが、恥ずかしかったよ
こんバケツは、水がぼるがのう,このバケツは、水が漏れるよなあ
夕飯の後に、ほろせが出たから病院に行っちくる,夕飯の後に、発疹が出たから病院に行ってくる
針の穴がほん小せえけん、糸が通らん,針の穴が本当に小さいから、糸が通らない
普段はそげでんねえに、ほんこのときだけ強いしがおるなえ,普段はそんなにないのに、本番の時だけ強い人がいるなあ
あのばあちゃんは、歳をとってもほんぼじゃ,あのばあちゃんは、歳をとってもかわいいな
右肩上がりの好景気に、まあいっぺんなりてえ,右肩上がりの好景気に、今一度なりたい
まいかけ姿でクリスマスケーキを焼く,まえかけ姿でクリスマスケーキを焼く
うちん子は、まえかどから修学旅行に行った,うちの子は、昨日から修学旅行に行った
予算は、ただまくばるのがいいとは限らん,予算は、ただ分配するのがいいとは限らない
昔、農作業には近所同士で、まくりがあった,昔、農作業には近所同士で、加勢があった
冬物の服はもう少ししたら、まくるで,冬物の服はもう少ししたら、まけるよ
年賀状はクリスマスまじ書くつもりじゃったが,年賀状はクリスマスまで書くつもりだったけど
寝転んでテレビを見ている父ちゃんはまたごす,寝転んでテレビを見ている父ちゃんはまたぐ
世界の景気回復がまちなげえ,世界の景気回復が待ち遠しい
こん部屋は、まっときれいにならんのか,この部屋は、もっときれいにならないのか
顔がまっぴいで,顔が真っ青だよ
畳の色がそこだけまっぴいわ,畳の色がそこだけ真っ青だわ
外から家ん中がほっぽしじゃ,外から家の中が丸見えだ
うちん母ちゃんは、まつぼりの天才で,うちの母ちゃんは、へそくりの天才だよ
あんしはまてえから、すぐ人にだまさるる,あの人は鈍いから、すぐ人にだまされる
ボールで窓ガラスを割って、まどうことになった,ボールで窓ガラスを割って、弁償することになった
そげなまどろしいことせんで、はよう片付けよ,そんなまどろっこしいことしないで、早く片付けよ
梅雨の晴れ間に青葉がまばいい季節じゃ,梅雨の晴れ間に青葉がまばゆい季節だ
まぶにねえことせんじ、人並みのことをしよ,普通でないことをせずに、人並みのことをしなさい
あんパンを、犬からまぶりおとされた,あんパンを、犬から見つめてとられた
よそから来たしの中には、いつまでたってん地元にまみれんしもおる,よそから来た人の中には、いつまでたっても地元にまみれない人もいる
何回言ってん聞かんのじゃ、まめえしちょけ,何回言っても聞かないんだ、放っておけ
つきあがった餅は、なるべく早くまめすこと,つきあがった餅は、なるべく早くまぶすこと
隣の子は手伝いをよくして、まめろしいなあ,隣の子は手伝いをよくして、マメだなあ
初日の出を見ち、地球もまりいち思うた,初日の出を見て、地球もまるいと思った
稲をまるかすのは、慣れんと大事じゃ,稲を束ねるのは、慣れないと大事だ
こげな報告書じゃわからん、まるっと書き直せ,こんな報告書じゃわからん、まるごと書き直せ
あんしも、まれけいいことを言う,あの人もまれにいいことを言う
宝くじが当たったんかえ？まんがいいなあ,宝くじが当たったのかい？運がいいなあ
ケーキはまんぱちに切らんと、けんかになる,ケーキは当分に切らないと、けんかになる
うちの父ちゃんは、まんまんさんじゃからすぐだまさるる,うちの父ちゃんは、お人よしだからすぐだまされる
涙がこぼれんごと、上をみいち歩こうえ,涙がこぼれないように、上を見て歩こうよ
うちんしは、みそちゅうのごと仕事をする,うちの人は忙しく飛び回るように仕事をする
カーナビを使わんから、みちみない、道に迷った,カーナビを使わんから、見てみなさい、道に迷った
海岸の宝探しは、砂の中からみっくるのが大変,海岸の宝探しは、砂の中から見つけるのが大変
貝堀りは、潮がみてちくる前に、岸に上がりよえ,貝掘りは、潮が満ちてくる前に、岸にあがりなよ
ちょっと顔をみとうじ来たんじゃが、元気そうじゃな,ちょっと顔を見た九会来たんだけど、元気そうだな
大分んチームが負けたニュースは、みとうねえ,大分のチームが負けたニュースは、見たくない
ちょいとみみょうかせ、面白い話があるんじゃ,ちょっと耳を貸せ、面白い話があるんだ
孫に、みやぎょう買って帰ろう,孫に、土産を買って帰ろう
むかぜの足は、本当に100本かえ？,ムカデの足は、本当に100本かい？
うちん子は野球になると、むがむとう頑張る,うちの子は野球になると、むちゃくちゃ頑張る
こん野菜の煮つけは、年寄りにはむぎいぞ,この野菜の煮つけは、年寄りには味が濃いぞ
むぎべら言われてん、あまりいい気持ちはせん,見え透いたお世辞を言われて、あまりいい気持ちはしない
山むけ行ってん、幸いはすんじょうらせんかった,山向こうに行って、幸いカゲしなかった
ばあちゃんは、孫をむげながる,ばあちゃんは、孫をかわいがる
あんたはむげねえ,あんたはかわいそう
鏡を見るたびに、むこうづらが広うなりよる気がするんじょわあ,鏡を見るたびに、額が広くなってる気がするんだわ
今日はむこうめしじゃから弁当は要らん,今日は向こうが飯を準備してくれるから弁当は要らない
隣のむこじょうは、ちいっと頼りねえごたる,隣の婿さんは、ちょっと頼りないようにある
川のむこっぺらの岸に魚が集まっちょん,川の向こう側の岸に魚が集まっている
古いセーターを出したら、むしくれになっちょあった,古いセーターを出したら、虫食いになってた
祭りばやしの音が神輿担ぎのむしをつりおこす,祭りばやしの音が神輿担ぎをしたいという気持ちを起こさせる
あんしはいっつもむすくれっとしちょる,あの人はいつもムスッとしている
昔は、むっからでボタルかごを作りよったがなあ,昔は、麦わらでホタルかごを作ってたけどなあ
お代官様、そげなむてえなことを,お代官様、そんな無体なことを
むとうなことはせんじ、紳士的にやろうや,不当なことはしないで、紳士的にやろうや
内戦地域の子どもたちを見ると、心からむどなぎい,内戦地域の子どもたちを見ると、心からかわいそう
隣のおいさん方に、むどらしい孫がでけた,隣のおいさん方に、かわいらしい孫ができた
大地震のことを考えると、胸がふとる,大地震の事を考えると、胸がいっぱいになる
むりこしゃりこ塾に行かされよる,無理やり塾に行かされてる
ウィンクされたんかち思うたら、めいぼかえ？,ウィンクされたのかと思ったら、ものもらいかい？
今年は、大根の種を早めにめえた,今年は、大根の種を早めにまいた
めえばん、ジョギングしよる,毎晩、ジョギングしてる
あんしは、わしの親切をめえやくがっちょる,あの人は、わしの親切を迷惑がっている
おいさんはめがつむけん、財産を残した,おいさんはケチだから、財産を残した
わしには、芸術を見るめかどがねえごたる,わしには、芸術を見る目がないようにある
洗った食器は、めごに入れて水を切る,洗った食器は、竹かごににいれて水を切る
近ごろ公衆電話は、めって見かけん,近ごろ公衆電話は、めったに見かけない
あんしはすぐ怒るけん、めってんこつ言うちゃならんで,あの人はすぐ起こるから、滅多なこと言ったらいけないよ
年末セールの時は、店員のめとんぼがまう,年末セールの時は、店員の目が回る
まじめに勉強せんと、入試でめにあうで,まじめに勉強しないと、入試で酷い目にあうよ
残暑の中で作業すると、めのこしがおるる,残暑の中で作業すると、疲れる
新幹線が通過するときは、めをこするほどじゃ,新幹線が通過するときは、短時間だ
パジャマのまま、外に出るのはめんどしい,パジャマのまま、外に出るのは恥ずかしい
もうから暑中見舞いを書きよるんかえ？,早くから暑中見舞いを書いているのかい？
もうがんこが少ねえのは地球温暖化のせいじゃろうか,つららが少ないのは地球温暖化のせいだろうか
わし一代でもうけだすのは、無理があるちゃ,わし一代で財産を作るのは、無理があるって
要らんことまで、申し上げるしがおるなあ,要らないことまで、申し上げる人がいるなあ
中学生ぐらいになると、親にもがう子が多くなる,中学生ぐらいになると、親に逆らう子が多くなる
ドリアンは鼻がもぐるごと臭いが、私は好きだ,ドリアンは鼻がもげるように臭いが、私は好きだ
あそこの息子には、もってえねえ話じゃ,あそこの息子には、もったいない話だ
毎年イノシシに作物を食い荒らされち、もてんがのう,毎年イノシシに作物を食い荒らされて、やりきれないだけどなあ
あんまりもどかすと、しまいには泣き出すで,あんまりからかうと、しまいには泣き出すよ
先週見た映画は、もな面白かった,先週見た映画は、とても面白かった
運動会で走ったら、ももたんがだりい,運動会で走ったら、太ももがだるい
ももねを柔軟にして、転びにくい体を作る,ももの付け根を柔軟にして、転びにくい体を作る
年末には、もろぶたを洗って餅つきじゃ,年末には、もちの箱を洗って餅つきだ
見かけはイマイチ、やあけど、気持ちが優しい,見かけはイマイチ、だけど、気持ちが優しい
やあやあいうて年賀状書いたに、干支が間違うちょった,わあわあ言って年賀状書いたのに、干支が間違ってた
硬かった柿も、熟すとやええなる,硬かった柿も、熟すと柔らかくなる
国際関係とは、やえくろしいもんじゃ,国際関係とは、ややこしいものだ
子どもん宿題見ちゃるのも、やえこっちゃねえ,子どもの宿題を見てあげるのも、容易ではない
あんしは若いけど見かけによらず、やおいかん,あの人は若いけど見かけによらず、しっかりしている
花見の場所取りは、やおねえでえ,花見の場所取りは、容易でないよ
やから言うようなやつには、取り合うな,わがまま言うような人には、取り合うな
中には、やきいたたん助っ人もおったなあえ,中には、役に立たない助っ人もいたなあ
暴風雨で折り畳み傘は、やくうせん,暴風雨で折り畳み傘は、役に立たない
はよう、やしい電気自動車が発売されんかのお,早く、安い電気自動車が発売されないかなあ
うちの子は、やしぼうするけん太っちしもうた,うちのこは、食いしん坊するから太ってしまった
やせぎしじゃけん、幅15センチもありゃ通れる,やせぎすだから、幅15センチもあれば通れる
やぜんは仕事で帰りが遅くなった,昨夜は仕事で帰りが遅くなった
適度なやつがいが、わしの健康法じゃ,適度な晩酌が、わしの健康法だ
働いてん働いてん給料があがらんじ、やっけねえ,働いても働いても給料が給料が上がらないで、不憫だ
老人会でやっしゃきったら嫌われたごたる,老人会でたんかを切ったら嫌われたようにある
やっちょられん,やってられない
コンクールで緊張して、やりくりかやした,コンクールで緊張して、失敗した
日曜日ぐらい休まんと、やりつくるで,日曜日くらい休まないと、燃え尽きるよ
やんがち、プロ野球の公式戦が始まる,やがて、プロ野球の公式戦が始まる
古い方のパソコンは、じいちゃんにやんない,古い方のパソコンは、じいちゃんにやりなさい
うちん子は、やんやん言われな宿題せん,うちの子は、やいのやいの言われないと宿題をしない
社長が帰社するのは、ゆうさの予定です,社長が帰社するのは、夕方の予定です
春休みは宿題が少ないから、ゆうじゃ,春休みは宿題が少ないから、暇だ
にぎやかな人と飲んだら、会話と酒の両方にゆうた,にぎやかな人と飲んだら、会話と酒の両方に酔った
誰んせいでこげなこつになったんか、ゆうちみい,誰のせいでこんなことになったのか、言ってみろ
あいつにはわしからゆうてかすけん、ここはこらえちくれめえか,あいつにはわしから言って聞かすから、ここはこらえてくれまいか
ゆうてんが、わしゃ八百長はしたことねえで,そうはいっても、わしは八百長はしたことないよ
わしもこの春退職してから、ゆうなしになった,わしもこの春退職してから、暇な人になった
水泳は、指導次第でフォームがゆうなる,水泳は、指導次第でフォームがよくなる
運動会で走ったせいか、ゆうろが痛い,運動会で走ったせいか、ふくらはぎが痛い
受験生の癖に、ゆたあっとしちょるなあ,受験生の癖に、ゆったりとしてるなあ
わしゃ、あんしにちょっとゆっちゃりてえ,わしは、あの人にちょっと言ってやりたい
結婚祝いじゃ、酒をゆらこしついじょくれ,結婚祝いだ、酒をなみなみとついでくれ
近ごろの政治はゆるうじょる,近ごろの政治は、緩んでいる
ゆるくてえ格好をしちょったら、先生から叱られた,だらしがない格好をしていたら、先生から叱られた
あんしはゆるごえじゃあに、走るのは速い,あの人は太っているのに、走るのは速い
遠慮せんで食べよ,遠慮しないで食べよ
兄ちゃんよい、柿を持っち帰らんな,兄ちゃんよ、柿を持って帰らんか
近ごろ、よいくろうほど酒を飲む人は少なくなった,近ごろ、酔っ払いほど酒を飲む人は少なくなった
居酒屋から、よいとの集団が出てきた,居酒屋から、酔っぱらいの集団が出てきた
そげなことをよう言わんで,そんなことはとても言えないよ
このところどうも、体調がようねえ,このところどうも、体調が良くない
わしの息子も、ようよ就職でけたがなあ,わしの息子も、ようやく就職できたけどなあ
アジをよおけ釣ってきたで,アジをたくさん釣ってきたよ
あんまりしちくじゅう叱ると、性格がよがむで,あんまりしつこく叱ると、性格が曲がるよ
近ごろ、よきで薪を割る人を見らんなあ,近ごろ、手斧で薪を割る人を見ないなあ
そこのみんな、車が来たけん、よきい,そこのみんな、車が来たから、避けろ
携帯はよきい置いち、本腰で勉強せなえ,携帯は横に置いて、本腰で勉強しなよ
よくとれなしは、どこかで損しよるんで,欲張りな人は、どこかで損してるんだよ
農家は、よけを大切にするごと教えられた,農家は、水路を大拙にするように教えられた
あんしはちょっと意見すると、すぐよけなる,あの人はちょっと意見すると、すぐ横になる
連休の最後の日は家でよこうた,連休の最後の日は家で休んだ
あんまりよこはると、嫌われるで,あんまり意地を張ると、嫌われるよ
子どもからよしゃくされると気持ちがいい,子どもからあいさつされると気持ちがいい
また、よしれん相談をしよるんじゃろう,また、とんでもない相談をしてるんだろう
飛行機で、よせ行く時はわくわくする,飛行機で、よそに行く時はわくわくする
父ちゃんは、よそんしにはとうてん愛想がいい,父ちゃんは、よその人にはとっても愛想がいい
雨の中を歩くのはよだきい,雨の中を歩くのはだるい
あんやた、よだきいやっちゃ,あの野郎、面倒くさいやつだ
赤ちゃんが寝てるから、騒ぐとよだけしよ,赤ちゃんが寝てるから、騒ぐと煩わしいよ
久しぶりに家族旅行でもよだつか,久しぶりに家族旅行でも思い立つか
クリスマスのよどは、クリスマスイブじゃがえ,クリスマスの前夜は、クリスマスイブだろう
ママが忙しい間、姉ちゃんが赤ちゃんをよどる,ママが忙しい間、姉ちゃんが赤ちゃんをあやす
晩御飯の後、本を読むとすぐ、よながづくる,本ご飯の後、本を読むとすぐ、熟睡する
よなけえ犬が鳴くが、何事じゃろうか,夜中に犬が鳴くけど、何事だろうか
元旦は、家族でよろうち初日の出を拝む,元旦は、家族で連れ立って初日の出を拝む
近ごろ足がよろしいけん、すぐけつまずく,近ごろ足がよろよろしているから、すぐけつまずく
オリンピック中継をよんがなよどおじ見た,オリンピック中継を徹夜で見た
すまんけど、わしにもたばこを一本よんで,すまんけど、わしにもたばこを一本ちょうだい
来週の休みには、祭りの準備によんなう,来週の休みには、祭りの準備に加勢する
よんべのホタルはしんけんきれいじゃった,昨夜のホタルはとてもきれいだった
らいしんは元旦から欠かさず日記をつけるぞ,来年は元旦から欠かさず日記をつけるぞ
マニフェストに、らっしょもねえこと書くな,マニフェストに、いい加減なこと書くな
カレーライスには、らんぎょうが相性がいい,カレーライスには、ラッキョウが相性がいい
わしゃ子どもの頃はりこもんと言われよった,わしは子どもの頃は利口者と言われていた
あんたんるし、雛人形を飾ったで,あんたの留守に、雛人形を飾ったよ
こん忙しい時に、あんたの相手はしちょれん,この忙しい時に、あんたの相手はしていられない
とろろは、れんぎとすり鉢で丁寧にすりおろす,とろろは、すりこ木とすり鉢で丁寧にすりおろす
まあ、ろくしてお茶でん飲もうえ,まあ、腰を下ろしてお茶でも飲もうよ
あのサッカー選手は時々ろくそねえパスをする,あのサッカー選手は時々雑なパスをする
ろんでんねえしと言われんごとせな,ろくでもない人と言われないようにしないと
わしゃ、インターネットやらでけんわあ,わしは、インターネットやらできないよ
あん時が、わしの人生のわかされじゃった,あの時が、わしの人生の分かれ道だった
自然はコントロールでけんち、わかっつろう,自然はコントロールできないと、分かったろう
あんしは昔っから、わきあがりやった,あの人は昔っから、お調子者だった
大きな木をわくのは、骨が折るる,大きな木をのこぎりで引くのは、骨が折れる
わくどが鳴くけん、雨じゃろう,カエルが鳴くから、雨だろう
センターラインから、わごみでると危険で,センターラインから、はみ出ると危険だよ
カウボーイの投げたわさが牛の角に引っかかる,カウボーイの投げた輪が牛の角に引っかかる
あん子は体は小さいが、わさごのごたるなあ,あの子は体は小さいけど、おませさんのようだなあ
カップラーメンなら作るのは、わっきゃねえ,カップラーメンなら作るのは、わけない
今年の正月、一緒に初詣に行ったわなあ,今年の正月、一緒に初詣に行ったよね
花の苗を植えたが雪が積もってわやになった,花の苗を植えたけど雪が積もってむちゃくちゃになった
わやくする時だけ、ようアイデアが出る,いたずらする時だけ、良くアイデアが出る
窓を開けたら、風で部屋中わやくちゃになった,窓が開けたら、風で部屋中むちゃくちゃになった
その皿をわらかすと、大変なことになるで,その皿を割ると、大変なことになるよ
あのわるがねが、立派な大人になった,あの悪童が、立派な大人になった
明日は、われが俺のうちに来い,明日は、お前が俺のうちに来い
ここにあるボールは、われがんか,ここにあるボールは、お前のものか
キャンプの飯をわれきで焚いたらうまかった,キャンプの飯を薪で焚いたらうまかった
わんかたん元気なばあちゃんは百歳ちのう,あなたの家の元気なばあちゃんは百歳だってな
今日ん空はあいいのお,今日の空は青いなあ
あんしはあけえ顔しちょる,あの人は赤い顔をしている
酔うちょんのじゃろ,酔っているんだろう
こら袋が小せえけん、こんだけん魚を入るんのにあばからんど,この袋は小さいから、これだけの魚を入れるのに収まらないぞ
あん男前はだいかえ？,あの男前は誰だ？
どけ行ったん？,何処に行ったんだ？
あんげ行った,あっちに行った
泣き言いうな、いころ見せんか,泣き言いうな、根性見せないか
あんしは毎日一生懸命にいのちきをしよる,あの人は毎日一生懸命に生きるために仕事をしている
いびしいおいさんじゃのお,不潔なおっさんだなあ
あんたは出おうたんびにいやことんじょう言いよるっちゃ,あなたは出会う度に愚痴ばかり言っているな
しゃあしいのお,うるさいなあ
人をいらばかすようなヤツは好かん,人を騙すようなヤツは嫌いだ
うたちいのお,汚いなあ
亀はうっするといかんど,亀は捨てるといけないぞ
ここんラーメンはうもねえのお,ここのラーメンは不味いなあ
えらしいやっちゃのお,可愛いやつだね
ここん飯屋ん丼は量がおいいのお,ここの飯屋の丼は量が多いなあ
こん写真に写っちょるおいさんはだいかえ？,この写真に写っているおじさんは誰かい？
おおちゃきいやっちゃのお,横着なやつだなあ
ちちまわっそ,ぶん殴るぞ
なんかおじいおいさんがおっちょるのお,なんか怖いおじさんがいるなあ
こんしはおもしりいしじゃなあ,この人は面白い人だなあ
だいかおらびよる,誰か叫んでいる
おろいいやっちゃのお,怖いやつだなあ
お土産を貰ろうたけんど、あんやつが黙っち一人じ食うちしもうた,お土産を貰ったけど、あいつが黙って一人で食ってしまった
今度ん台風じ、うちん家はかやるど,今度の台風で、うちの家は倒れるぞ
かっせちくりい,手伝ってくれ
もうこん銭はあんたがんじゃ,もうこの銭はあなたのものだ
そこん新聞紙はひもじきびっつけちょけ,そこの新聞紙はひもで縛っておけ
あんしは働きもせんでくじんじょう言いよる,あの人は働きもしないで文句ばかり言っている
じなしじゃのお,無責任だな
ここん畑んスイカはくどろんじょうじゃのお,ここの畑のスイカはクズばかりだなあ
そんお菓子をわしにくりい,そのお菓子をわしにくれ
こけけえ,ここに来い
なんかこんやた、けとろくじゃのお,なんだこいつは、つまらないやつだなあ
今日は俺の誕生日じゃけん、何かくりい,今日は俺の誕生日だから、何かくれ
こええから入らん,面倒くさいから入らない
今月ん決算はこげえなっちしもうた,今月の決算はこういう風になってしまった
そん錆びたバケツをガリガリこさぎよったら穴がほげちしもうた,その錆びたバケツをガリガリ削り取っていたら穴が開いてしまった
そこんおいさんをこそぶり倒した,そこのおじさんをくすぐり倒した
こんめえカサゴしか釣れんのお,小さいカサゴしか釣れないなあ
これんおばさんはさかしいのお,あのおばさんは元気だなあ
あんしはさじいやっちゃのお,あの人はすばしっこいやつだなあ
なんか好かん,なんか嫌い
しかともしれんのお,くだらないなあ
小便をしかぶっちしもうた,小便を漏らしてしまった
しちくじいやっちゃのお,しつこいやつだなあ
はよ離さんか,早く離さないか
金貸しちくりい,金貸してくれ
しゃあしいけん無理じゃのお,忙しいから無理だな
なんか失敗した時に、しゃあねえと言うち励ます,何か失敗したときに、仕方ないと言って励ます
飲んだ後にしゃっちラーメン食わんでんよかろうが,飲んだ後に無理にラーメン食わんでいいだろうが
なんじ来たん？,何で来たの？
車じきた,車で来た
じなしじゃのお,しょうがないやつだなあ
こん会社んやたあバカんじょうじゃのお,この会社のヤツらはバカばっかだなあ
やっぱ大分名産のカボスを丸かじりするとちからいっぱいすいいのお,やっぱり大分名産のカボスを丸かじりすると超すっぱいなあ
弱ええもんをせがうな,弱いものをいじめるな
ちちまわっそ,ぶん殴るぞ
車が溝にはまっちしもうたけん、せるの手伝っちくりい,車が溝にはまってしまったから、押すのを手伝ってくれ
そいじ飯を食え,それで飯を食え
そげえ慌てち食わんでんよかろうが、だいも取らせんちゃ,そんなに慌てて食べなくても良いだろうが、誰も取らないよ
わしんメガネ知らんかえ？,わしのメガネを知らないかい？
ぽくと雷がが落ちち来たけん、たまがったちゃ,突然雷が落ちて来たから、びっくりした
あんただいかえ？,あなたは誰かい？
晩飯を食いすぎちから、腹が膨れち動けんちゃ,晩飯を食いすぎたから、腹が膨れて動けないって
あんたんそん考えはちごうちょる,あなたのその考えは違っている
頑張っちょるかえ？,頑張っているかい？
頑張っちょるで,頑張ってるよ
こんやつは何時もつらがってんじょうじ働かん,こいつは何時もふざけてばかりで働かない
今晩は夜釣りに行くけん,今晩は夜釣りに行くから
だいかとぎがおるんかえ？,誰か友達が居るのかい？
いや、だいもおらんのじゃ,いや、誰もいないんだ
そら危ねえのお、気を付けないえ,それは危ないなあ、気をつけてな
とっと好かん,すごく嫌い
ニヤニヤしちどうくっちょんのお、ちちまわすど,ニヤニヤしてふざけてるなあ、ぶん殴るぞ
そけおっちょった亀はどけ行ったんか？,そこにいた亀はどこに行ったのか
そん金はどげえしたんかえ？,その金はどうしたのかい？
嘘言うなえ、拾うたんじゃろうがえ？,嘘言うなよ、拾ったんだろうが？
どじれんことすんのお,くだらないことするなあ
あんたまた壁に落書きしよるんかえ,あんたまた壁に落書きしているのかい
今年もどべじゃ,今年もビリだ
どんならんやっちゃのお,どうしようもないヤツだなあ
こん単車は倉庫になおしちょけ,この単車は倉庫にしまっておけ
なしか,なぜだ
こんなばは旨えのお,このしいたけは旨いなあ
電車じなんかかっちくるおいさんがおる,電車で寄りかかってくるおじさんがいる
うたちいのお,汚いなあ
あんた今そこん角に鼻くそぬすくりつけたろうがえ？,あんた今そこの角に鼻くそこすりつけただろうが？
そげなこつしちからいかんちゃ,そんなことしたらいけないって
亀はやっぱぬりいのお,亀はやっぱり遅いなあ
そこん柿ん木んねきに穴掘っち住んじょる,そこの柿の木の根元に穴を掘って住んでいる
もう酒がのうなっちしもうた,もう酒がなくなってしまった
まだ飲みてえのお,まだ飲みたいなあ
まだ飲むんかえ？,まだ飲むのかい？
こら刺身にしち食うかのお,これは刺身にして食べようかな
庭ん落葉をはわいちょけ,庭の落ち葉を掃いておけ
あん荷物は重てえじ持てんど,あの荷物は重たくて持てないぞ
ひこずってんいいけん、ここまで移動さしい,引きずってもいいから、ここまで移動させろ
どけえしたんかえ？,どうしたのかい？
単車じ転けち擦りむいたんじゃ,単車で転げて擦りむいたんだ
あんたひらくてえ顔しちょんなあ,あなたは平たい顔をしているなあ
しゃあしいっちゃ,うるさいって
こんびったれが,このだらしがないやつが
あんしはふてこつ銭を持っちょる,あの人はたくさん銭を持っている
わしにくれんかのお？,わしにくれないかなあ？
ここん一帯は、あんおいさんの土地かえ？,ここの一帯は、あのおじさんの土地かい？
家がボロじゃけん天井がほげちしもうた,家がボロだから天井に穴が空いてしまった
そこん道具をこけほたれ,そこの道具をこっちに投げろ
そこん道具をほたれ,そこの道具を投げろ
ぽくと雨が降り出した,突然雨が降り出した
こんやたまてえやっちゃのお,この野郎鈍いやつだなあ
また負けちょる,また負けてる
まんがいいっちゃ,運がいいって
貧乏臭えやっちゃのお,貧乏くさいやつだなあ
むげねえのお,可哀想だなあ
そげななりしちめんどしいちゃ,そんななりして恥ずかしいって
なんかやええのお,なんか軟らかいなあ
あと10年間は借金を返さにゃならん,あと10年間は借金を返さないといけない
やおねえなあ,やってられないなあ
もう酒飲んだんじゃ,もう酒を飲んだんだ
やけん車は乗れんのじゃ,だから車は乗れないんだ
明日ん仕事はよこうち、魚釣りに行こうかのお,明日の仕事は休んで、魚釣りに行こうかなあ
今から玉買いに行かんといけん,今から卵買いに行かないといけない
よだきいのお,面倒だなあ
鬼と神がよろうち飯を食いよる,鬼と紙が一緒に飯を食っている
こん弁当は旨えろ？,この弁当は旨いだろ？
祠ん前んろきいとけわくどがおっちょる,祠ん前の平たいところにカエルがいる
えらしいのお,かわいいなあ
どげえかえ？,どうですか？
どげえもこげえも、あんた、あれじゃ,どうもこうも、あなた、あれだ
大変じゃなあ,大変だな
ああ、どげえかするわあ,ああ、どうにかするよ
うん、どげえかなるじゃろ,うん、どうにかなるだろう
ほなまた,じゃあまた
なんしよんの？,何をしているの？
あんた、なんしよんの？,あなた、何をしているの？
背広とか着ち、誰かと思うたで,背広とか着て、誰かと思ったよ
仕方ねんじゃ,仕方ないんだ
つきあいじゃけん,つきあいだから
ほなまあ、頑張りよ,じゃあ、頑張ってね
こらまた、今日はどこ行きな？,これはまた、今日はお出かけですか？
いや、久しぶりに頭つんじきたんじゃ,いや、久しぶりに散髪に行ったんだ
なんな、県庁行きな？,何？県庁に行くの？
違うちゃ,違うって
ほな、デートかえ？,じゃあ、デートかい？
もう頑張らんち？,もう頑張らないって？
臼杵に行くんち？,臼杵に行くって？
久しぶりに、フグ食うんじゃあ,久しぶりに、フグ食べるんだ
フグかえ,フグかい
うん、綺麗なお姉ちゃんたちと行くんで,うん、綺麗なお姉さんと行くんだ
なんかえ,なんだって？
いいんかえ、そげなことして,いいのかい、そんなことして
あんた、そんバッグ高そうやなあ,あなた、そのバッグ高そうだなあ
いいえなこと,とんでもない
安かったけん、こうたんで,安かったから、買ったんだ
いいや、5千円はしちょろう,いいや、5千円はしてるだろう
わりいけど、そん2倍じゃ,悪いけど、その2倍だ
あんたが持つと、安う見ゆんで,あなたが持つと、安く見えるよ
今日は、ぬきいなえ,今日はあたたかいねえ
ちゅうか、蒸し暑うねえ？,というか、蒸し暑くない？
まだ、梅も咲いちょらんのに、蒸し暑いかえ？,まだ、梅も咲いていないのに、蒸し暑いかい？
太っちょんけんなあ？,太っているからかなあ？
あんた、身も心も、ふうたらぬきいんじゃねんな？,あなた、身も心も、生ぬるいんじゃないのか？
雨が降りよるけん、車洗わんじ済んだ,雨が降っているから、車を洗わんで済んだ
もしもし、雨が降りよるなあ,もしもし、雨が降っているなあ
今、飯食いよるんじゃ,今、ご飯を食べているんだ
あんた、いつも、なんか食いよるなあ,あなた、いつも、何か食べているなあ
じゃあけん、太っちょるんで,だから、太っているんだ
まだ太りよるんやな？,まだ太っているんだな？
おじいなあ,こわいなあ
昔ん人はおしゃれやった？,昔の人はおしゃれだった？
じゃあじゃあ,そうそう
あんた、最近、よう飲みに行きよるごたるなあ？,あなた、最近、よく飲みにいってるようだなあ？
綺麗なママさんが、おるちゅうたなあ,綺麗なママさんが、居るそうだなあ
お金んじょう使うて、なんもいいことが起こらんごたるなあ,お金ばかり使って、何もいいことが起こらないようだなあ
誰かえ？,誰かい？
今、ご飯食べよんのじゃ,今、ご飯食べているんだ
こんカボスを2つばかりおくれ,このカボスを2つほどください
今、お茶飲みよるけん,今、お茶飲んでるから
それと、こん靴下もおくれ,それと、この靴下もください
今日はなんか、いいのある？,今日は何か、良いのある？
いい関アジが入っちょんで,良い関アジが入っているよ
ほうな,そうか
それじ、何匹いるんな？,それで、何匹いるんだ？
こんシイタケ、なんぼな？,このシイタケ、おいくらですか？
地物じゃけん、値が張るで,地元産だから、値が張るよ
なんぼなんでん、そら買えん,いくらなんでも、それは変えない
あんた、なんぼ持っち来たんな？,あなた、いくら持ってきたんだ？
なんぼも残ってねえ,いくらも残ってねえ
こん牛肉、うまそうやなあ,この牛肉、うまそうだなあ
豊後牛じゃけんな,豊後牛だからな
がなあるわ,それだけの価値あるよ
ほな、千円がなおくれ,それじゃ、千円分ください
何人で食べるんかえ？,何人で食べるのかい？
食うがなねえで,食うほどないよ
いいちゃ、ひとりじゃけん,いいってば、ひとりだから
誕生日んケーキあるかなあ？,誕生日のケーキあるかなあ？
いろいろあるけど、誰の誕生日な？,いろいろあるけど、誰の誕生日だ？
こん、イチゴんショートケーキを一個おくれ,この、イチゴのショートケーキを一個ください
ひとりじ食べるんかえ？,一人で食べるのかい？
持ちやしいように、きびっちょくれ,持ちやすいように、結んでくれ
こん池を干すんは、何年ぶりかえ？,この池を干すのは、何年ぶりかい？
魚がようけ獲るるでえ,魚がたくさん獲れるよ
あんた、いつん間に、ここに来ちょったんな？,あなた、いつの間に、ここに来てたんだ？
うん、獲ったで,うん、獲ったよ
食うかえ？,食べるかい？
今日は潮が、わりいんやろか？,今日は潮が、悪いんだろうか？
釣れんでん、かんまん,釣れなくても、構わない
わしゃ、養殖しよるけん,わしは、養殖してるから
へえ、なんの養殖をしよんのかえ？,へえ、何の養殖をしているのかい？
ほげんじょう言うちから,嘘ばかり言ってから
けど、手がとわん,でも、手が届かない
俺なら、とうかもしれん,俺なら、届くかもしれない
しょわねえかえ？,大丈夫かい？
こんツルにつかまんない,このツルにつかまりなさい
あんた、どっかん来たんな？,あなた、どこから来たんだ？
いつもこきい来んのな？,いつもここに来るのか？
たまに来るんじゃけど,たまに来るんだけど
今日は泊まりな？,今日は泊まりか？
なに食うんな？,何食うのか？
趣味はなんな？,趣味は何か？
ここん天然水は、いいじゃろ？,ここの天然水は、いいだろう？
ところじあんた、いつもは家族でくんのな？,ところであなた、いつもは家族で来るのか？
今日はみんな法事に行っちょんのや,今日はみんな法事に行ってるんだ
そしちかい、法事行った組はいつ帰っちくるんかえ？,それで、法事行った組はいつ帰ってくるのかい？
親戚ん組と飯食うけん、遅うなるじゃろ,親戚の組と飯食うから、遅くなるだろう
読みきらん字は、たんねた方がいい,読むことができない字は、尋ねた方が良い
目的地に行くんは、こん道でいんかなあ？,目的地に行くのは、この道で良いのかなあ？
あんた、人にものをたんぬる時は、車から降りちからやろ,あなた、人にものを尋ねる時は、車から降りてからだろう
こん道でいい,この道で良い
わからんなったら、またたんねちみらいいわ,分からなくなったら、また尋ねてみればいいわ
向こうにもまた、あげなおばさんがおるんやろか？,向こうにもまた、あんなおばさんがいるのだろうか？
なんかなし生きちょったら、おいさんになっちょった,とにかく生きていたら、おじさんになっていた
ああ、なんかなし、こん道を真っ直ぐいかいい,ああ、とにかく、この道を真っ直ぐ行けば良い
いんじゃな？,いいんだな？
しちくじいなあ、あんたも,しつこいなあ、あなたも
なんかなし、ここまで来ちしもうたけん、もう戻られん,とにかく、ここまで来てしまったから、もう戻れない
あんた、過ぎちょんで,あなた、過ぎてるよ
そやけど、こっちでいいち言われたけん,そうだけど、こっちで良いと言われたから
そらどうか知らんけど、目的地は逆じゃ,それはどうか知らないけど、目的地は逆だ
新婚時代に、へもどりてえ？,新婚時代に、戻りたい？
ばくう言うたもんじゃ,ばかなこと言ったもんだ
あんたもう、あっちさ行った帰りやねんな？,あなたもう、あっちに行った帰りではないの？
行き過ぎて、へもどっち来たんじゃ,行き過ぎて、戻って来たんだ
あんた、また行き過ぎちょるで,あなた、また行き過ぎてるよ
また、へもどらないけんのかえ,また、戻らないといけないのかい
別大国道で事故たゆう,別大国道で事故だとさ
じゃあけん、高速じ帰らいいち言うたやねえな,だから、高速で帰れば良いと言ったじゃないか
仕方ねえやねえか,仕方ないじゃないか
じき着くわい,じきに着くよ
そげえ騒いでん、はよ着かんのぞ,そんなに騒いでも、はやく着かないんだぞ
こげな時にガス欠じゃ,こんな時にガス欠だ
じゃあけん、うちは、来とうなかったんじゃ,だから、うちは、来たくなかったんだ
俺が押すけん、お前、ハンドル持っちょけ,俺が押すから、お前、ハンドル持っておけ
あんたひとりじ押しきりめえ,あんた一人で押せないだろう
誰かにかっせちもらいよ,誰かに手伝ってもらいよ
誰か、かっせん？,誰か、手伝わない？
まだ、高崎山かえ？,まだ高崎山かい？
家に着いたら起こしてな,家に着いたら起こしてね
わかったけん、寝ちょけ,わかったから、寝ておけ
あんたは、寝たらいけんので,あなたは、寝たらいけないからね
ちゃんと運転せな,ちゃんと運転しないと
なし、こげえあんのじゃろうか,なんで、こんな風なのだろうか
寝ちょん時の俺の顔は、ええらしいらしい,寝ている時の俺の顔は、可愛いらしい
あん、サルん赤ちゃん、ええらしいなあ,あの、サルの赤ちゃん、可愛いなあ
あんたも、あげえあったんで,あなたも、あんなふうだったんだ
あげえ、顔があけかったかえ？,あんなに、顔が赤かったかい？
ああ、赤ちゃんやったけんな,ああ、赤ちゃんだったからな
今でん、顔があこうなるわ,今でも、顔が赤くなるわ
いっこん、わりいことしちねえけど、女房がおじい,ひとつも、悪いことはしてないけど、女房が怖い
そやけど、おじい,そうだけど、怖い
なにが、おじいことあるか,なにが、怖いことあるか
ありがてえんぞ,ありがたいんだぞ
でん、顔が母ちゃんそっくりやん,でも、顔が母ちゃんそっくりじゃないか
ほんとじゃ！おじい！,本当だ！怖い！
俺ん歌どま、聴かんな？,俺の歌でも、聴かんか？
みかんどま、食わんな,みかんでも、食べないか？
あんしはネクタイどま締めち、なんしようんのやろか？,あの人はネクタイでも締めて、何をしているのだろうか？
こん、あけえのはさあ、血の池地獄ちゅうてささ,この、赤いのはさあ、血の池地獄っていってさあ
あんたまた、姉ちゃんに、怪しい東京弁どま喋りよっちから,あなたまた、姉ちゃんに、怪しい東京弁でも喋っていてから
来ちょってたん？,来ていたの？
もうとりおうちょられん,もう取り合ってられない
温泉玉子どま食おう,温泉玉子でも食おう
俺ん誕生日じゃあにい、家に誰もおらん,俺の誕生日なのに、家に誰もいない
大吉じゃったにい,大吉だったのに
父ちゃんが枝にきびっちゃろう,父ちゃんが枝に結んでやろう
こけたら、ズボンに穴がほげた,こけたら、ズボンに穴が空いた
これがあん有名な青の洞門じゃ,これがあの有名な青の洞門だ
なしほげたん？,なんで穴が空いたの？
ほげたんじゃねえ、ほいだんじゃ,穴が空いたんじゃねえ、穴を空けたんだ
誰が、こげえほいだん？,誰が、こんなふうに穴を空けたの？
父ちゃんにはでけん,父ちゃんにはできない
こん、露天風呂からん景色は雄大じゃなあ,この、露天風呂からの景色は雄大だなあ
今日は晴れちょんけん、いちべえ、よう見ゆんなあ,今日は晴れているから、一段と、良く見えるなあ
ぽくと言われてん,突然言われても
よう来ちくれたのう,よく来てくれたねえ
本当はうち、ここじあんたと暮らしたかったに,本当はうち、ここであなたと暮らしたかったのに
今になっち、ぽくとそげなこと、言わんじくりい,今になって、突然そんなこと、言わないでくれ
暮らさいいやん,暮らせばいいじゃない
こか、たまに、変わったのがぽくとできるけんなあ,ここは、たまに、変わったものが突然できるからなあ
ぼやあっとすんなち言われた,ぼんやりするなと言われた
ぼやあっとしちょっちいいのう,ぼんやりとしていていいなあ
ぼやあっとしちょられんのど,ぼんやりしてられないんだぞ
ぼやっとすんなよ,ぼんやりとするなよ
焼けたど,焼けたぞ
できたど,できたぞ
どんこんならんうめえなあ,どうしようもなく美味しいなあ
こらなんな？,これは何か？
言いよんやねえか,言ってるじゃないか
こげなうめえもん、毎日食いてえ,こんな美味しいもの、毎日食いてえ
財布がどんこんならん,財布がどうにもならない
よう味おうて食え,よく味わって食え
あんたん言うことは、いっこん信用でけんけんなあ,あなたの言うことは、ひとつも信用できないからなあ
こいたいけん,これはいけない
いっこん、ありがたみがわかっちねえ,ひとつも、ありがたみが分かってない
どうせまた、誰かからもろうち来たんじゃろ？,どうせまた、誰かから貰って来たんだろう？
バレちょん,バレている
いちごんもねえ,とても感謝します
俺の気持ちと思うちょくれ,俺の気持ちだと思ってくれ
いごいちいけん,動いていけない
何をガタガタ言いよんのか？,何をガタガタと音を立てているのか？
エビを、もろたんよ,エビを、貰ったんよ
まだ、いごきよるぞ,まだ、動いているぞ
跳ぶんぞ,跳ぶんだぞ
おじいんじゃろ？,怖いんだろ？
跳ぶちゃ,跳ぶって
行かんずく済んだ,行かないまま済んだ
せんずく終わった,しないまま終わった
好きなん飲め,好きなのを飲め
飲ましちもらいます,飲ませてもらいます
ちっとずく飲まんか,少しずず飲まないか
体にわりいぞ,体に悪いぞ
飲んだことねえけん,飲んだことないから
たけえんぞ！,高いんだぞ！
ここん寿司はうめえんで,ここの寿司は美味しいんだよ
なんでん食べよ,何でも食べよう
いただくけん,いただくから
うめえで、もてんやろ？,美味しくて、たまらないだろ？
釣っちすぐんアユは、うめえなあ,釣ってすぐのアユは、美味しいなあ
いらぶかされたんじゃ,騙されたんだ
それち、友釣りんことやろ？,それって、友釣りのことでしょ？
デジカメをあたりくりまわしよったら、店員さんに叱られた,デジカメをさわりまくっていたら、店員さんに叱られた
あたりくりまわしよったら、噛まるんど,さわりまくっていたら、嚙まれるぞ
急いじ、女房を呼んじください,急いで、女房を呼んでください
とり天は、大分で生まれたんじゃなあ,とり天は、大分で生まれたんだなあ
うん、女性が大口開けんで済むようにちな,うん、女性が大口開けずに済むようにとな
じゃあけん、ひとくちサイズじ食べやすうしちょんのやな,だから、ひとくちサイズで食べやすくしてるんだな
あんたん口からやさしさちゅう言葉を聞くのが、めんどしいわ,あなたの口からやさしさということがを聞くのが、恥ずかしいわ
泊まりてえんじゃけど、部屋空いちょんかなあ？,止まりたいんだけど、部屋空いているかな？
ほな、お願いするけん,じゃあ、お願いするから
こん旅館の、晩飯はうめえのう,この旅館の、晩飯は美味しいなあ
あんたが言うなら、そうじゃろ,あなたが言うなら、そうだろう
こげな、うめえ晩飯は、何十年ぶりかのう？,こんな、美味しいｇ晩飯は、何十年ぶりかなあ？
ほな。これから先、何十年もここで食わいいこと,じゃあ、これから先、何十年もここで食えばいいこと
なし、そげえ急に、ふうがわるうなるかやあ,なんで、そんなに急に、不機嫌になるかなあ
ようあげえ、くされが出るもんじゃ,よくあんなに、意地悪が出るものだ
ほな、温泉でん入らんか？,じゃあ、温泉でも入らないか？
なし、あんたと入らないけんの？,なんで、あんたと入らないといけないの？
そげえ、くされ言わんで、せっかくやけん一緒に入ろうや,そんなに、意地悪言わないで、せっかくだから一緒に入ろうや
なにが、せっかくなん？,なにが、せっかくなの？
あんた、誰に言いよんの？,あなた、誰に言っているの？
くされを言わんかった頃ん、お前,意地悪を言わなかった頃の、お前
そげえ、いうてんが、おじいもんはおじい,そんなに、そうは言っても、怖いものは怖い
お前、なん、布団離しよんのか？,お前、なぜ、布団離してるのか？
そげえ、いうてんが、あんたんイビキがうるせえんじゃ,そんなに、そうは言っても、あなたのイビキがうるさいんだ
言うちみよ,言ってみろ
そげえ、いうてんが、金もつこうちょんのど,そんなに、そうは言っても、金も浸かっているんだよ
あんた、フルーツを忘れちょろうがえ,あなた、フルーツを忘れているだろうが
取りすぎちしもうた,取りすぎてしまった
こら食いきらん,これは食いきれない
買い物にいったなり、女房が帰っちこん,買い物に行ったまま、女房が帰ってこない
あんた、それを、まるなり食うんな？,あなた、それを、まるごと食べるのか？
おいさんは、食いきらんのな？,おじさんは、食いきれないのか？
歯が悪いけん、噛まんなり、ひんのまんならん,歯が悪いから、噛まないまま、飲み込まないとならない
うちん女房は、焼かんなり、食うたりするんで,うちの女房は、焼かないまま、食べたりするよ
いぬるかのう,帰るかなあ
ゆっくりできたかえ？,ゆっくりできたかい？
うちん女房は、知らんですか？,うちの女房は、知らないですか？
さっき、いによったで,さっき、帰っていたよ
なんぼ駅が近くじゃからちゅうて、ひとりじいんだんかえ,いくら駅が近くだからといって、一人で帰ったのかい
